product,quarter,department,departement ,targeted_productivity,smv (standart minute value),total work hour ,incentive,idle_time,no_of_workers,product_value_rate
Project B,Quarter1,Junior,8,0.8,26.16,7080,98,0,59,0.940725424
Project B,Quarter1,Senior,1,0.75,3.94,960,0,0,8,0.8865
Project B,Quarter1,Junior,11,0.8,11.41,3660,50,0,30.5,0.800570492
Project B,Quarter1,Junior,12,0.8,11.41,3660,50,0,30.5,0.800570492
Project B,Quarter1,Junior,6,0.8,25.9,1920,50,0,56,0.800381944
Project B,Quarter1,Junior,7,0.8,25.9,6720,38,0,56,0.800125
Project B,Quarter1,Senior,2,0.75,3.94,960,0,0,8,0.755166667
Project B,Quarter1,Junior,3,0.75,28.08,6900,45,0,57.5,0.753683478
Project B,Quarter1,Junior,2,0.75,19.87,6000,34,0,55,0.753097531
Project B,Quarter1,Junior,1,0.75,28.08,6900,45,0,57.5,0.750427826
Project B,Quarter1,Junior,9,0.7,28.08,6900,44,0,57.5,0.721126957
Project B,Quarter1,Junior,10,0.75,19.31,6480,45,0,54,0.712205247
Project B,Quarter1,Junior,5,0.8,11.41,3660,50,0,30.5,0.707045902
Project B,Quarter1,Senior,10,0.65,3.94,960,0,0,8,0.705916667
Project B,Quarter1,Senior,8,0.75,2.9,960,0,0,8,0.676666667
Project B,Quarter1,Senior,4,0.75,3.94,2160,0,0,18,0.593055556
Project B,Quarter1,Senior,7,0.8,2.9,960,0,0,8,0.540729167
Project B,Quarter1,Junior,4,0.65,23.69,7200,0,0,60,0.52118
Project B,Quarter1,Senior,11,0.7,4.15,1440,0,0,12,0.436326389
Project E,Quarter1,Senior,4,0.8,4.15,6600,0,0,20,0.988024691
Project E,Quarter1,Senior,11,0.75,2.9,5640,0,0,17,0.987880435
Project E,Quarter1,Senior,9,0.8,4.15,960,0,0,8,0.956270833
Project E,Quarter1,Senior,3,0.75,3.94,1560,0,0,8,0.945277778
Project E,Quarter1,Senior,1,0.8,3.94,960,0,0,8,0.902916667
Project E,Quarter1,Junior,1,0.8,28.08,6300,50,0,56.5,0.800725314
Project E,Quarter1,Junior,3,0.8,28.08,6540,50,0,54.5,0.800322936
Project E,Quarter1,Junior,8,0.8,26.16,7080,50,0,59,0.800318644
Project E,Quarter1,Junior,12,0.8,26.16,7080,63,0,59,0.800318644
Project E,Quarter1,Junior,11,0.8,11.61,7080,50,0,29.5,0.800237288
Project E,Quarter1,Junior,5,0.8,11.61,7080,50,0,31.5,0.800148649
Project E,Quarter1,Junior,6,0.8,25.9,6720,50,0,56,0.800125
Project E,Quarter1,Junior,7,0.8,25.9,6720,38,0,56,0.800125
Project E,Quarter1,Junior,10,0.75,19.31,6480,56,0,54,0.787299691
Project E,Quarter1,Senior,2,0.8,4.15,960,0,0,8,0.782447917
Project E,Quarter1,Junior,2,0.75,19.87,6600,45,0,55,0.75024303
Project E,Quarter1,Senior,10,0.7,4.15,960,0,0,8,0.7018125
Project E,Quarter1,Junior,4,0.7,23.69,13800,0,0,60,0.700134038
Project E,Quarter1,Junior,9,0.7,28.08,6900,40,0,57.5,0.699965217
Project E,Quarter1,Senior,8,0.8,2.9,960,0,0,8,0.628333333
Project E,Quarter1,Senior,7,0.8,3.94,960,0,0,8,0.6253125
Project F,Quarter1,Senior,3,0.75,4.15,1560,0,0,8,0.991388889
Project F,Quarter1,Senior,9,0.8,3.94,960,0,0,8,0.931645833
Project F,Quarter1,Senior,1,0.8,3.94,960,0,0,8,0.915229167
Project F,Quarter1,Junior,6,0.8,11.61,6975,50,0,31,0.879714482
Project F,Quarter1,Senior,4,0.8,3.94,6600,0,0,20,0.861679012
Project F,Quarter1,Junior,9,0.8,26.16,7080,60,0,59,0.850569492
Project F,Quarter1,Junior,7,0.8,25.9,7020,60,0,56.5,0.850436438
Project F,Quarter1,Junior,8,0.8,25.9,6780,45,0,56.5,0.850345133
Project F,Quarter1,Junior,4,0.8,28.08,4260,50,0,55.5,0.800598058
Project F,Quarter1,Junior,1,0.8,26.16,7080,63,0,59,0.800318644
Project F,Quarter1,Junior,2,0.8,28.08,6660,50,0,55.5,0.800237838
Project F,Quarter1,Junior,12,0.8,11.61,6975,50,0,31,0.800030199
Project F,Quarter1,Senior,2,0.8,3.94,960,0,0,8,0.792104167
Project F,Quarter1,Senior,10,0.7,3.94,4320,0,0,18,0.759228395
Project F,Quarter1,Junior,11,0.75,19.31,6480,45,0,54,0.750348457
Project F,Quarter1,Junior,3,0.75,19.87,6600,45,0,55,0.75024303
Project F,Quarter1,Junior,10,0.7,28.08,6900,40,0,57.5,0.699965217
Project F,Quarter1,Senior,8,0.8,2.9,960,0,0,8,0.682708333
Project F,Quarter1,Senior,7,0.8,2.9,960,0,0,8,0.667604167
Project F,Quarter1,Junior,5,0.7,45.67,6960,26,0,58,0.603432184
Project F,Quarter1,Senior,11,0.75,4.15,960,0,0,8,0.345833333
Project A,Quarter1,Senior,1,0.8,3.94,1920,0,0,8,0.961059028
Project A,Quarter1,Senior,11,0.8,3.94,2400,0,0,10,0.939513889
Project A,Quarter1,Senior,4,0.8,3.94,3840,0,0,16,0.893663194
Project A,Quarter1,Senior,3,0.75,4.15,1920,0,0,8,0.875390625
Project A,Quarter1,Junior,9,0.8,26.16,7080,75,0,59,0.850569492
Project A,Quarter1,Senior,9,0.8,2.9,1920,0,0,8,0.820833333
Project A,Quarter1,Senior,2,0.8,3.94,960,0,0,8,0.804416667
Project A,Quarter1,Junior,7,0.8,25.9,6780,50,0,56.5,0.800684366
Project A,Quarter1,Junior,8,0.8,25.9,6780,38,0,56.5,0.800684366
Project A,Quarter1,Junior,1,0.8,26.16,7080,63,0,59,0.800318644
Project A,Quarter1,Junior,11,0.8,19.31,4800,50,0,55,0.800250962
Project A,Quarter1,Junior,6,0.8,11.61,7200,50,0,32,0.800246011
Project A,Quarter1,Junior,12,0.8,11.61,7200,50,0,32,0.800246011
Project A,Quarter1,Junior,2,0.8,28.08,6900,50,0,57.5,0.800076522
Project A,Quarter1,Junior,4,0.8,28.08,6900,50,0,57.5,0.800076522
Project A,Quarter1,Senior,10,0.75,2.9,960,0,0,8,0.763375
Project A,Quarter1,Senior,5,0.6,2.9,960,0,0,8,0.759270833
Project A,Quarter1,Junior,10,0.75,28.08,7020,45,0,58.5,0.7504
Project A,Quarter1,Junior,3,0.75,19.87,6600,45,0,55,0.75024303
Project A,Quarter1,Senior,7,0.8,3.94,960,0,0,8,0.676666667
Project A,Quarter1,Senior,8,0.8,2.9,960,0,0,8,0.664583333
Project A,Quarter1,Junior,5,0.6,21.98,6960,23,0,58,0.600028736
Project C,Quarter1,Senior,4,0.8,3.94,4440,0,0,18,0.966781346
Project C,Quarter1,Senior,1,0.8,3.94,1440,0,0,8,0.936496212
Project C,Quarter1,Senior,3,0.75,4.15,1800,0,0,10,0.899166667
Project C,Quarter1,Senior,11,0.8,4.15,2700,0,0,15,0.888686869
Project C,Quarter1,Senior,9,0.8,3.94,1440,0,0,8,0.858143939
Project C,Quarter1,Junior,1,0.8,26.16,10620,75,0,59,0.850502311
Project C,Quarter1,Junior,9,0.8,26.16,10620,75,0,59,0.850502311
Project C,Quarter1,Senior,10,0.75,3.94,1440,0,0,8,0.809640152
Project C,Quarter1,Senior,2,0.8,3.94,1440,0,0,8,0.805909091
Project C,Quarter1,Junior,2,0.8,28.08,10350,50,0,57.5,0.800594466
Project C,Quarter1,Junior,4,0.8,28.08,10350,50,0,57.5,0.800594466
Project C,Quarter1,Junior,3,0.8,19.87,9900,50,0,55,0.800273829
Project C,Quarter1,Junior,12,0.8,11.61,5310,50,0,31.5,0.800140969
Project C,Quarter1,Junior,7,0.8,25.9,10170,38,0,56.5,0.800128721
Project C,Quarter1,Junior,8,0.8,25.9,10170,38,0,56.5,0.800128721
Project C,Quarter1,Junior,6,0.8,11.61,4470,38,0,31.5,0.80007657
Project C,Quarter1,Junior,10,0.75,28.08,10530,45,0,58.5,0.750545455
Project C,Quarter1,Junior,11,0.75,19.31,9900,45,0,55,0.750057851
Project C,Quarter1,Senior,8,0.8,2.9,1440,0,0,8,0.681060606
Project C,Quarter1,Junior,5,0.65,21.98,10440,35,0,58,0.649983281
Project C,Quarter1,Senior,7,0.8,2.9,1440,0,0,8,0.61625
Project D,Quarter1,Senior,1,0.8,3.94,1440,0,0,8,0.951420455
Project D,Quarter1,Senior,9,0.8,3.94,1440,0,0,8,0.880530303
Project D,Quarter1,Junior,1,0.8,26.16,10620,75,0,59,0.850502311
Project D,Quarter1,Junior,9,0.8,26.16,10620,75,0,59,0.850502311
Project D,Quarter1,Junior,8,0.8,25.9,10170,60,0,56.5,0.850136766
Project D,Quarter1,Senior,3,0.75,4.15,2700,0,0,15,0.83
Project D,Quarter1,Senior,4,0.8,3.94,4440,0,0,18,0.827186544
Project D,Quarter1,Senior,2,0.8,3.94,1440,0,0,8,0.813371212
Project D,Quarter1,Senior,10,0.75,3.94,1440,0,0,8,0.805909091
Project D,Quarter1,Senior,7,0.8,2.9,1440,0,0,8,0.804640152
Project D,Quarter1,Junior,2,0.8,28.08,10350,63,0,57.5,0.800594466
Project D,Quarter1,Junior,4,0.8,28.08,10350,50,0,57.5,0.800594466
Project D,Quarter1,Junior,6,0.8,11.41,5490,50,0,30.5,0.800343766
Project D,Quarter1,Junior,3,0.8,19.87,9900,50,0,55,0.800273829
Project D,Quarter1,Junior,12,0.8,11.61,5670,50,0,31.5,0.800246753
Project D,Quarter1,Junior,7,0.8,25.9,10170,50,0,56.5,0.800128721
Project D,Quarter1,Junior,10,0.75,28.08,10530,69,0,58.5,0.8
Project D,Quarter1,Junior,5,0.7,21.98,9720,40,0,58,0.700480831
Project D,Quarter1,Senior,8,0.8,2.9,1440,0,0,8,0.681060606
Project D,Quarter1,Senior,6,0.8,2.9,1800,0,0,10,0.666515152
Project D,Quarter1,Junior,11,0.8,31.83,9900,40,0,55,0.412119835
Project D,Quarter1,Senior,5,0.7,4.15,1440,0,0,8,0.330113636
Project B,Quarter2,Senior,1,0.8,3.94,1440,0,0,8,0.947689394
Project B,Quarter2,Senior,4,0.8,3.94,12600,0,0,20,0.919905405
Project B,Quarter2,Junior,9,0.8,26.16,10620,88,0,59,0.900215716
Project B,Quarter2,Senior,9,0.8,3.94,1440,0,0,8,0.891723485
Project B,Quarter2,Junior,1,0.8,26.16,10620,75,0,59,0.850502311
Project B,Quarter2,Junior,4,0.8,28.08,10530,75,0,58.5,0.850181818
Project B,Quarter2,Junior,7,0.8,25.9,10170,60,0,56.5,0.850136766
Project B,Quarter2,Junior,8,0.8,25.9,10170,60,0,56.5,0.850136766
Project B,Quarter2,Senior,2,0.8,3.94,1440,0,0,8,0.835757576
Project B,Quarter2,Senior,5,0.7,4.15,3840,0,0,8,0.821354167
Project B,Quarter2,Junior,2,0.8,28.08,10050,63,0,58.5,0.800497246
Project B,Quarter2,Junior,3,0.8,19.87,9900,50,0,55,0.800273829
Project B,Quarter2,Junior,12,0.8,11.61,15120,63,0,31.5,0.800107143
Project B,Quarter2,Junior,6,0.8,11.41,14640,50,0,30.5,0.800024932
Project B,Quarter2,Junior,10,0.75,28.08,10530,69,0,58.5,0.8
Project B,Quarter2,Senior,10,0.75,3.94,1440,0,0,8,0.779791667
Project B,Quarter2,Senior,8,0.8,2.9,1440,0,0,8,0.735984848
Project B,Quarter2,Senior,3,0.75,4.15,2160,0,0,12,0.712626263
Project B,Quarter2,Senior,7,0.8,2.9,1440,0,0,8,0.681060606
Project B,Quarter2,Senior,11,0.8,4.15,900,0,0,5,0.515606061
Project B,Quarter2,Junior,11,0.35,12.52,25920,38,0,54,0.349951389
Project B,Quarter2,Junior,5,0.7,42.41,10260,0,0,57,0.233705476
Project E,Quarter2,Senior,1,0.8,3.94,2160,0,0,8,0.985
Project E,Quarter2,Senior,3,0.75,4.15,2760,0,0,12,0.930340376
Project E,Quarter2,Senior,4,0.8,3.94,6000,0,0,20,0.911589744
Project E,Quarter2,Senior,9,0.8,3.94,1440,0,0,8,0.858143939
Project E,Quarter2,Junior,9,0.8,26.16,10620,75,0,59,0.851174114
Project E,Quarter2,Junior,7,0.8,25.9,10170,60,0,56.5,0.850136766
Project E,Quarter2,Junior,8,0.8,25.9,10170,60,0,56.5,0.850136766
Project E,Quarter2,Senior,10,0.8,3.94,1440,0,0,8,0.846950758
Project E,Quarter2,Senior,11,0.8,4.15,1440,0,0,8,0.817424242
Project E,Quarter2,Senior,2,0.8,3.94,1440,0,0,8,0.817102273
Project E,Quarter2,Junior,4,0.8,28.08,10440,63,0,58,0.801028213
Project E,Quarter2,Junior,2,0.8,28.08,10350,63,0,57.5,0.800594466
Project E,Quarter2,Junior,12,0.8,11.61,4710,50,0,31.5,0.800346445
Project E,Quarter2,Junior,6,0.8,11.41,5490,50,0,30.5,0.800343766
Project E,Quarter2,Junior,1,0.8,26.16,10620,63,0,59,0.800117103
Project E,Quarter2,Junior,10,0.8,28.08,10530,63,0,58.5,0.8
Project E,Quarter2,Junior,3,0.75,19.87,7080,45,0,56,0.750098351
Project E,Quarter2,Junior,11,0.5,12.52,9540,38,0,53,0.673245283
Project E,Quarter2,Senior,7,0.8,2.9,1440,0,0,8,0.670075758
Project E,Quarter2,Senior,8,0.8,2.9,1440,0,0,8,0.628882576
Project E,Quarter2,Junior,5,0.5,20.79,7680,0,0,56,0.388007813
Project E,Quarter2,Senior,5,0.5,4.15,1440,0,0,8,0.337973485
Project F,Quarter2,Senior,3,0.75,4.15,1440,0,0,8,0.93532197
Project F,Quarter2,Senior,4,0.8,3.94,3600,0,0,20,0.925643939
Project F,Quarter2,Junior,9,0.8,26.16,10620,88,0,59,0.900215716
Project F,Quarter2,Senior,1,0.8,3.94,1440,0,0,8,0.873068182
Project F,Quarter2,Senior,9,0.8,3.94,1440,0,0,8,0.858143939
Project F,Quarter2,Junior,1,0.8,26.16,10620,75,0,59,0.850502311
Project F,Quarter2,Junior,7,0.8,25.9,10170,45,0,56.5,0.850136766
Project F,Quarter2,Junior,8,0.8,25.9,10170,60,0,56.5,0.850136766
Project F,Quarter2,Senior,10,0.8,3.94,1440,0,0,8,0.828295455
Project F,Quarter2,Senior,2,0.8,3.94,1440,0,0,8,0.820833333
Project F,Quarter2,Junior,6,0.8,11.41,5490,50,0,30.5,0.800343766
Project F,Quarter2,Junior,12,0.8,11.61,5670,50,0,31.5,0.800246753
Project F,Quarter2,Junior,2,0.8,28.08,10530,63,0,58.5,0.8
Project F,Quarter2,Junior,10,0.8,28.08,10530,38,0,58.5,0.8
Project F,Quarter2,Junior,3,0.8,19.87,6420,0,0,55,0.690182815
Project F,Quarter2,Senior,11,0.8,4.15,1440,0,0,8,0.668087121
Project F,Quarter2,Senior,8,0.8,2.9,1440,0,0,8,0.653598485
Project F,Quarter2,Senior,5,0.5,4.15,1440,0,0,8,0.609138258
Project F,Quarter2,Junior,11,0.6,12.52,9540,30,0,53,0.600229846
Project F,Quarter2,Senior,6,0.8,2.9,1440,0,0,8,0.597348485
Project F,Quarter2,Senior,7,0.8,2.9,1440,0,0,8,0.590435606
Project F,Quarter2,Junior,4,0.8,50.48,10440,0,0,58,0.473134796
Project F,Quarter2,Junior,5,0.6,20.79,7980,0,0,57,0.452979626
Project A,Quarter2,Senior,1,0.8,3.94,1440,0,0,8,0.955151515
Project A,Quarter2,Senior,4,0.35,4.3,3240,0,0,18,0.942213805
Project A,Quarter2,Senior,3,0.8,4.15,1800,0,0,10,0.905454545
Project A,Quarter2,Senior,2,0.8,3.94,1440,0,0,8,0.880530303
Project A,Quarter2,Senior,9,0.8,3.94,1440,0,0,8,0.858143939
Project A,Quarter2,Junior,1,0.8,26.16,8220,75,0,59,0.850522167
Project A,Quarter2,Junior,9,0.8,26.16,10620,75,0,59,0.850502311
Project A,Quarter2,Junior,7,0.8,25.9,10170,60,0,56.5,0.850136766
Project A,Quarter2,Junior,8,0.8,25.9,10170,60,0,56.5,0.850136766
Project A,Quarter2,Senior,6,0.8,2.9,1440,0,0,8,0.817424242
Project A,Quarter2,Senior,5,0.65,4.15,1440,0,0,8,0.809564394
Project A,Quarter2,Junior,3,0.8,19.87,9900,0,0,55,0.800273829
Project A,Quarter2,Junior,6,0.8,11.41,5670,50,0,31.5,0.800181818
Project A,Quarter2,Junior,12,0.8,11.61,4470,50,0,31.5,0.80007657
Project A,Quarter2,Junior,2,0.8,28.08,10530,63,0,58.5,0.8
Project A,Quarter2,Senior,8,0.8,2.9,1440,0,0,8,0.725
Project A,Quarter2,Junior,10,0.8,50.48,6930,45,0,58.5,0.688557555
Project A,Quarter2,Junior,5,0.65,20.79,8460,0,0,59,0.650040783
Project A,Quarter2,Junior,11,0.65,12.52,9540,44,0,53,0.64998056
Project A,Quarter2,Senior,7,0.8,2.9,1440,0,0,8,0.648106061
Project A,Quarter2,Senior,11,0.8,4.15,1440,0,0,8,0.640577652
Project A,Quarter2,Junior,4,0.35,22.4,7350,0,0,51.5,0.35063299
Project A,Quarter2,Senior,10,0.8,3.94,1440,0,0,8,0.24625
Project C,Quarter2,Senior,4,0.35,4.3,2160,0,0,12,0.952020202
Project C,Quarter2,Senior,1,0.8,3.94,1440,0,0,2,0.951420455
Project C,Quarter2,Senior,10,0.8,3.94,5400,0,0,20,0.912766667
Project C,Quarter2,Senior,3,0.8,4.15,1620,0,0,9,0.901262626
Project C,Quarter2,Senior,9,0.8,3.94,1440,0,0,8,0.858143939
Project C,Quarter2,Junior,1,0.8,26.16,10620,75,0,59,0.850502311
Project C,Quarter2,Junior,9,0.8,26.16,10620,75,0,59,0.850502311
Project C,Quarter2,Junior,8,0.8,25.9,10260,60,0,57,0.850252525
Project C,Quarter2,Junior,7,0.8,25.9,10170,60,0,56.5,0.850136766
Project C,Quarter2,Senior,5,0.65,4.15,1440,0,0,8,0.821354167
Project C,Quarter2,Senior,2,0.8,3.94,1440,0,0,8,0.805909091
Project C,Quarter2,Junior,6,0.8,11.61,5670,50,0,31.5,0.800246753
Project C,Quarter2,Junior,12,0.8,11.61,5670,50,0,31.5,0.800246753
Project C,Quarter2,Junior,2,0.8,28.08,10530,50,0,58.5,0.8
Project C,Quarter2,Junior,3,0.8,42.27,9900,54,0,55,0.705576584
Project C,Quarter2,Senior,8,0.8,2.9,1440,0,0,8,0.681060606
Project C,Quarter2,Senior,7,0.8,2.9,1440,0,0,8,0.670075758
Project C,Quarter2,Senior,11,0.8,4.15,1440,0,0,8,0.601278409
Project C,Quarter2,Junior,11,0.7,27.13,9540,37,0,53,0.582301029
Project C,Quarter2,Junior,5,0.7,20.79,10440,0,0,58,0.526810345
Project C,Quarter2,Junior,4,0.5,22.4,10170,23,0,56.5,0.500380799
Project C,Quarter2,Junior,10,0.35,22.4,10170,23,0,56.5,0.35020649
Project D,Quarter2,Senior,11,0.8,4.15,1980,0,0,7,0.934607438
Project D,Quarter2,Senior,4,0.35,4.3,2700,0,0,8,0.908080808
Project D,Quarter2,Junior,7,0.8,25.9,10170,70,0,56.5,0.900144811
Project D,Quarter2,Senior,1,0.8,3.94,1440,0,0,8,0.891723485
Project D,Quarter2,Senior,5,0.65,4.15,1440,0,0,15,0.864583333
Project D,Quarter2,Senior,9,0.8,3.94,1440,0,0,8,0.858143939
Project D,Quarter2,Junior,9,0.8,26.16,10620,75,0,59,0.850502311
Project D,Quarter2,Junior,8,0.8,25.9,10170,60,0,56.5,0.850136766
Project D,Quarter2,Senior,7,0.8,2.9,1440,0,0,8,0.837594697
Project D,Quarter2,Senior,3,0.8,4.15,1440,0,0,7,0.820833333
Project D,Quarter2,Junior,12,0.8,11.61,2970,50,0,31.5,0.800313433
Project D,Quarter2,Junior,6,0.8,11.61,5670,38,0,31.5,0.800246753
Project D,Quarter2,Junior,1,0.8,26.16,10620,63,0,59,0.800117103
Project D,Quarter2,Junior,5,0.7,20.79,7320,0,0,58,0.700095563
Project D,Quarter2,Senior,8,0.8,2.9,1440,0,0,8,0.667329545
Project D,Quarter2,Junior,4,0.6,22.4,5100,23,0,57,0.600369686
Project D,Quarter2,Junior,10,0.5,22.4,3390,23,0,56.5,0.499980334
Project D,Quarter2,Junior,11,0.35,14.61,7200,23,0,55,0.35003125
Project D,Quarter2,Senior,10,0.8,3.94,1260,0,0,8,0.332359307
Project D,Quarter2,Junior,2,0.8,51.02,4260,27,0,57,0.311207464
Project D,Quarter2,Senior,2,0.8,3.94,1260,0,0,8,0.247316017
Project B,Quarter3,Senior,4,0.35,4.3,3600,0,0,20,0.988636364
Project B,Quarter3,Senior,10,0.8,3.94,3420,0,0,19,0.953110048
Project B,Quarter3,Senior,1,0.8,3.94,1440,0,0,8,0.884261364
Project B,Quarter3,Senior,5,0.65,4.15,1440,0,0,8,0.860653409
Project B,Quarter3,Senior,9,0.8,3.94,1440,0,0,8,0.858143939
Project B,Quarter3,Junior,1,0.8,26.16,10620,75,0,59,0.850502311
Project B,Quarter3,Junior,8,0.8,25.9,8970,60,0,56.5,0.850415628
Project B,Quarter3,Junior,7,0.8,25.9,10170,60,0,56.5,0.850136766
Project B,Quarter3,Junior,9,0.8,26.16,10620,63,0,59,0.800117103
Project B,Quarter3,Junior,6,0.8,11.61,4950,38,0,31.5,0.80003139
Project B,Quarter3,Junior,12,0.8,11.61,4950,50,0,31.5,0.80003139
Project B,Quarter3,Junior,5,0.7,20.79,10440,0,0,58,0.700060345
Project B,Quarter3,Senior,7,0.8,2.9,1440,0,0,8,0.689299242
Project B,Quarter3,Junior,3,0.5,22.52,10170,30,0,56.5,0.660683293
Project B,Quarter3,Junior,4,0.65,22.52,10080,26,0,56,0.650130952
Project B,Quarter3,Senior,8,0.8,2.9,1440,0,0,8,0.606912879
Project B,Quarter3,Junior,10,0.6,22.52,10170,23,0,56.5,0.600291767
Project B,Quarter3,Junior,11,0.5,14.89,9900,30,0,55,0.500025069
Project B,Quarter3,Junior,2,0.5,22.94,9810,23,0,54.5,0.499998888
Project E,Quarter3,Senior,5,0.65,4.15,2700,0,0,15,0.98719697
Project E,Quarter3,Senior,2,0.8,3.94,1800,0,0,10,0.980909091
Project E,Quarter3,Senior,10,0.8,3.94,1440,0,0,8,0.974621212
Project E,Quarter3,Senior,1,0.8,3.94,1440,0,0,8,0.884261364
Project E,Quarter3,Senior,9,0.8,3.94,1800,0,0,10,0.82680303
Project E,Quarter3,Junior,6,0.8,11.41,5490,63,0,30.5,0.800343766
Project E,Quarter3,Junior,12,0.8,11.61,5670,63,0,31.5,0.800246753
Project E,Quarter3,Junior,7,0.8,25.9,10170,50,0,56.5,0.800128721
Project E,Quarter3,Junior,8,0.8,25.9,10170,50,0,56.5,0.800128721
Project E,Quarter3,Junior,1,0.8,48.68,10620,63,0,59,0.800117103
Project E,Quarter3,Junior,9,0.8,26.16,10620,63,0,59,0.800117103
Project E,Quarter3,Junior,2,0.6,22.94,6570,23,0,56.5,0.77011398
Project E,Quarter3,Junior,4,0.7,22.52,10170,50,0,56.5,0.7005417
Project E,Quarter3,Senior,8,0.8,2.9,1440,0,0,8,0.675568182
Project E,Quarter3,Senior,7,0.8,2.9,1440,0,0,8,0.661837121
Project E,Quarter3,Junior,10,0.65,22.52,9720,35,0,54,0.650198653
Project E,Quarter3,Junior,3,0.6,22.52,10170,30,0,56.5,0.600291767
Project E,Quarter3,Junior,11,0.6,14.89,10080,38,0,56,0.600273268
Project E,Quarter3,Senior,6,0.8,2.9,900,0,0,5,0.465757576
Project E,Quarter3,Junior,5,0.7,41.19,10440,21,0,58,0.452012539
Project E,Quarter3,Senior,11,0.8,4.15,1260,0,0,7,0.313852814
Project F,Quarter3,Senior,5,0.6,4.15,1440,0,0,8,0.852793561
Project F,Quarter3,Senior,11,0.65,4.15,2160,0,0,12,0.838383838
Project F,Quarter3,Senior,6,0.8,2.9,1800,0,0,10,0.804848485
Project F,Quarter3,Junior,6,0.8,11.41,5490,63,0,30.5,0.800343766
Project F,Quarter3,Junior,7,0.8,48.84,10170,50,0,56.5,0.800128721
Project F,Quarter3,Junior,8,0.8,25.9,10170,38,0,56.5,0.800128721
Project F,Quarter3,Junior,9,0.8,26.16,3660,50,0,59,0.800015009
Project F,Quarter3,Junior,4,0.7,22.52,10170,50,0,56.5,0.7005417
Project F,Quarter3,Junior,10,0.7,22.52,10080,40,0,56,0.700094156
Project F,Quarter3,Senior,7,0.8,2.9,1440,0,0,8,0.692045455
Project F,Quarter3,Junior,12,0.8,26.87,5670,56,0,31.5,0.662255892
Project F,Quarter3,Junior,3,0.65,22.52,10170,35,0,56.5,0.650416734
Project F,Quarter3,Junior,11,0.65,14.89,10260,44,0,57,0.650299575
Project F,Quarter3,Junior,2,0.65,22.94,10170,26,0,56.5,0.650243497
Project F,Quarter3,Senior,8,0.8,2.9,1440,0,0,8,0.639867424
Project F,Quarter3,Junior,5,0.6,20.4,10440,30,0,58,0.600062696
Project F,Quarter3,Senior,9,0.8,3.94,1800,0,0,10,0.582045455
Project F,Quarter3,Junior,1,0.8,49.1,10350,24,0,57.5,0.403242161
Project F,Quarter3,Senior,10,0.7,3.94,1440,0,0,8,0.235795455
Project A,Quarter3,Senior,4,0.7,4.3,5040,0,0,28,0.977272727
Project A,Quarter3,Senior,9,0.8,3.94,1800,0,0,10,0.964106061
Project A,Quarter3,Senior,5,0.65,4.15,1440,0,0,8,0.958901515
Project A,Quarter3,Junior,6,0.8,11.41,4380,50,0,31,0.800358775
Project A,Quarter3,Junior,8,0.8,25.9,3630,50,0,56.5,0.800162602
Project A,Quarter3,Junior,9,0.8,26.16,10620,63,0,59,0.800117103
Project A,Quarter3,Senior,12,0.8,2.9,1440,0,0,8,0.793844697
Project A,Quarter3,Junior,2,0.7,22.94,10170,38,0,56.5,0.750517565
Project A,Quarter3,Junior,4,0.7,22.52,10260,63,0,57,0.750068049
Project A,Quarter3,Junior,3,0.7,22.52,10170,50,0,56.5,0.750062751
Project A,Quarter3,Junior,10,0.7,22.52,10080,63,0,56,0.750057359
Project A,Quarter3,Junior,11,0.7,14.89,10260,50,0,57,0.700170388
Project A,Quarter3,Senior,8,0.8,2.9,1440,0,0,8,0.683806818
Project A,Quarter3,Junior,5,0.65,20.4,8280,35,0,58,0.650066445
Project A,Quarter3,Junior,7,0.8,48.84,10260,30,0,57,0.576460393
Project A,Quarter3,Junior,1,0.5,22.94,10170,30,0,56.5,0.549969429
Project A,Quarter3,Senior,10,0.7,3.94,1440,0,0,8,0.538399621
Project A,Quarter3,Senior,11,0.7,4.15,1440,0,0,8,0.409545455
Project A,Quarter3,Junior,12,0.35,15.26,6120,23,0,34,0.35021836
Project C,Quarter3,Senior,5,0.7,4.15,1440,0,0,8,1.033570076
Project C,Quarter3,Junior,6,0.8,11.41,5580,63,0,31,0.800261486
Project C,Quarter3,Junior,8,0.8,25.9,10170,50,0,56.5,0.800128721
Project C,Quarter3,Junior,9,0.8,26.16,10620,63,0,59,0.800117103
Project C,Quarter3,Junior,4,0.7,22.52,10260,63,0,57,0.750068049
Project C,Quarter3,Junior,10,0.7,22.52,10080,63,0,56,0.750057359
Project C,Quarter3,Junior,3,0.7,22.52,8460,50,0,57,0.750037968
Project C,Quarter3,Junior,2,0.7,22.94,10260,50,0,57,0.750031898
Project C,Quarter3,Senior,9,0.8,3.94,1800,0,0,10,0.72830303
Project C,Quarter3,Junior,11,0.7,14.89,10260,50,0,57,0.700170388
Project C,Quarter3,Junior,5,0.7,20.4,10260,50,0,57,0.700063796
Project C,Quarter3,Senior,8,0.8,2.9,1440,0,0,8,0.639867424
Project C,Quarter3,Junior,12,0.5,15.26,3720,23,0,34,0.500290419
Project C,Quarter3,Junior,7,0.35,22.94,10080,30,0,56,0.400332792
Project C,Quarter3,Senior,11,0.7,4.15,2700,0,0,15,0.362666667
Project D,Quarter3,Senior,4,0.75,4.3,6000,0,0,20,0.978525641
Project D,Quarter3,Senior,2,0.7,3.94,5100,0,0,17,0.912202112
Project D,Quarter3,Junior,4,0.75,22.52,10080,94,0,56,0.900556277
Project D,Quarter3,Junior,6,0.8,11.61,5760,75,0,89,0.850410511
Project D,Quarter3,Senior,9,0.8,3.94,2400,0,0,8,0.827147436
Project D,Quarter3,Junior,8,0.8,25.9,7470,38,0,56.5,0.800436542
Project D,Quarter3,Junior,2,0.7,22.94,10500,60,0,57,0.800415742
Project D,Quarter3,Junior,10,0.7,22.52,10080,75,0,56,0.800020563
Project D,Quarter3,Senior,5,0.7,4.15,2400,0,0,8,0.758173077
Project D,Quarter3,Junior,5,0.7,20.4,10440,50,0,58,0.750344828
Project D,Quarter3,Junior,3,0.7,22.52,10260,63,0,57,0.750068049
Project D,Quarter3,Junior,11,0.7,14.89,10260,50,0,57,0.700170388
Project D,Quarter3,Junior,1,0.65,22.94,10260,34,0,57,0.700029771
Project D,Quarter3,Junior,12,0.6,15.26,6360,23,0,34,0.60017284
Project D,Quarter3,Senior,8,0.8,2.9,2400,0,0,8,0.594871795
Project D,Quarter3,Junior,9,0.8,54.56,4140,29,0,58,0.520237649
Project D,Quarter3,Senior,1,0.65,3.94,2400,0,0,8,0.505128205
Project D,Quarter3,Junior,7,0.5,22.52,10080,23,0,56,0.500241342
Project D,Quarter3,Senior,11,0.7,4.15,2700,0,0,9,0.470769231
Project B,Quarter4,Senior,7,0.6,3.94,6000,0,0,10,0.957638889
Project B,Quarter4,Senior,10,0.75,3.94,8400,0,0,14,0.940701058
Project B,Quarter4,Junior,4,0.75,22.52,10080,81,0,56,0.849983766
Project B,Quarter4,Junior,2,0.7,22.94,10620,60,0,57,0.800302791
Project B,Quarter4,Junior,6,0.8,11.61,6360,63,0,32,0.800191989
Project B,Quarter4,Junior,10,0.75,22.52,10080,55,0,56,0.800020563
Project B,Quarter4,Junior,1,0.7,22.94,12180,63,0,57,0.750162367
Project B,Quarter4,Junior,3,0.7,22.52,10260,63,0,57,0.750068049
Project B,Quarter4,Senior,5,0.7,4.15,9000,0,0,15,0.742901235
Project B,Quarter4,Junior,5,0.7,20.4,10440,40,0,58,0.700250784
Project B,Quarter4,Junior,11,0.7,14.89,10260,50,0,57,0.700170388
Project B,Quarter4,Senior,4,0.75,4.3,9000,0,0,15,0.670216049
Project B,Quarter4,Senior,1,0.7,3.94,15000,0,0,25,0.649662222
Project B,Quarter4,Senior,2,0.7,3.94,15000,0,0,25,0.649662222
Project B,Quarter4,Senior,6,0.8,2.9,4800,0,0,8,0.626822917
Project B,Quarter4,Junior,12,0.6,15.26,6960,23,0,34,0.600436426
Project B,Quarter4,Junior,7,0.6,22.52,10260,23,0,57,0.60041361
Project B,Quarter4,Junior,8,0.8,40.99,10770,30,0,56.5,0.555500132
Project B,Quarter4,Junior,9,0.5,29.12,10440,30,0,58,0.500547544
Project B,Quarter4,Senior,3,0.7,3.94,12000,0,0,20,0.460578704
Project B,Quarter4,Senior,8,0.8,2.9,4800,0,0,8,0.397743056
Project B,Quarter4,Senior,12,0.6,4.08,5400,0,0,9,0.327407407
Project E,Quarter4,Senior,5,0.7,4.15,2700,0,0,15,0.966666667
Project E,Quarter4,Senior,10,0.75,3.94,1800,0,0,10,0.937242424
Project E,Quarter4,Senior,8,0.8,2.9,1620,0,0,9,0.910521886
Project E,Quarter4,Junior,2,0.75,22.94,10260,94,0,57,0.90064806
Project E,Quarter4,Junior,4,0.75,22.52,10260,94,0,57,0.900321106
Project E,Quarter4,Senior,11,0.75,4.15,1800,0,0,10,0.896022727
Project E,Quarter4,Senior,3,0.75,3.94,1440,0,0,8,0.895454545
Project E,Quarter4,Senior,7,0.65,3.94,2160,0,0,12,0.870580808
Project E,Quarter4,Senior,12,0.7,4.08,1620,0,0,9,0.858585859
Project E,Quarter4,Junior,1,0.7,22.94,10260,75,0,57,0.800643806
Project E,Quarter4,Junior,10,0.75,22.52,10080,69,0,56,0.80062987
Project E,Quarter4,Junior,6,0.8,11.61,5640,63,0,32,0.800537143
Project E,Quarter4,Junior,3,0.75,22.52,10260,69,0,57,0.80035194
Project E,Quarter4,Junior,12,0.75,15.26,6120,40,0,34,0.750079323
Project E,Quarter4,Junior,11,0.75,42.97,10260,56,0,57,0.750041201
Project E,Quarter4,Junior,5,0.7,20.4,10440,50,0,58,0.700250784
Project E,Quarter4,Senior,4,0.75,4.3,2160,0,0,12,0.651515152
Project E,Quarter4,Junior,7,0.65,22.52,10170,26,0,56.5,0.650416734
Project E,Quarter4,Junior,9,0.6,29.12,6660,23,0,58,0.600125217
Project E,Quarter4,Senior,2,0.75,3.94,1440,0,0,8,0.578314394
Project E,Quarter4,Senior,1,0.7,3.94,1440,0,0,8,0.578314394
Project E,Quarter4,Junior,8,0.35,15.09,9360,23,0,52,0.34998951
Project E,Quarter4,Senior,9,0.6,3.94,1440,0,0,8,0.261174242
Project F,Quarter4,Senior,5,0.7,4.15,3060,0,0,17,0.973796791
Project F,Quarter4,Senior,2,0.75,3.94,1440,0,0,8,0.970075758
Project F,Quarter4,Senior,1,0.7,3.94,1440,0,0,8,0.970075758
Project F,Quarter4,Senior,3,0.75,3.94,1620,0,0,9,0.961784512
Project F,Quarter4,Senior,10,0.75,3.94,3420,0,0,19,0.955151515
Project F,Quarter4,Senior,4,0.75,4.3,2160,0,0,12,0.952020202
Project F,Quarter4,Junior,4,0.75,22.52,10260,94,0,57,0.900321106
Project F,Quarter4,Junior,2,0.75,22.94,10530,81,0,58.5,0.850223776
Project F,Quarter4,Junior,1,0.7,22.94,10530,75,0,58.5,0.800909609
Project F,Quarter4,Junior,3,0.75,22.52,10350,55,0,57.5,0.800513307
Project F,Quarter4,Junior,6,0.8,11.61,5760,63,0,32,0.800386364
Project F,Quarter4,Junior,10,0.75,22.52,10080,69,0,56,0.800020563
Project F,Quarter4,Senior,7,0.65,3.94,2520,0,0,14,0.749188312
Project F,Quarter4,Junior,7,0.7,22.52,10170,40,0,56.5,0.7005417
Project F,Quarter4,Junior,12,0.7,15.26,6120,40,0,34,0.70043672
Project F,Quarter4,Junior,5,0.7,20.4,10440,50,0,58,0.700250784
Project F,Quarter4,Junior,9,0.65,29.12,10440,26,0,58,0.650407524
Project F,Quarter4,Senior,12,0.7,4.08,1620,0,0,9,0.618181818
Project F,Quarter4,Junior,11,0.75,42.97,10260,40,0,57,0.59114168
Project F,Quarter4,Junior,8,0.5,15.09,720,23,0,52,0.500061916
Project F,Quarter4,Senior,8,0.8,2.9,720,0,0,4,0.329545455
Project A,Quarter4,Senior,3,0.75,3.94,1800,0,0,10,1.059621212
Project A,Quarter4,Senior,10,0.75,3.94,3780,0,0,21,0.997792208
Project A,Quarter4,Senior,4,0.75,4.3,2160,0,0,12,0.963699495
Project A,Quarter4,Senior,5,0.7,4.15,2700,0,0,15,0.959191919
Project A,Quarter4,Senior,2,0.75,3.94,1800,0,0,10,0.910378788
Project A,Quarter4,Senior,1,0.7,3.94,1800,0,0,10,0.910378788
Project A,Quarter4,Junior,4,0.8,22.52,10170,60,0,56.5,0.850312684
Project A,Quarter4,Junior,6,0.8,11.61,5760,50,0,32,0.800386364
Project A,Quarter4,Junior,3,0.75,22.52,10260,69,0,57,0.80035194
Project A,Quarter4,Junior,2,0.75,22.94,10260,55,0,57,0.800034024
Project A,Quarter4,Junior,1,0.7,22.94,10440,60,0,58,0.800023511
Project A,Quarter4,Junior,10,0.75,22.52,10080,55,0,56,0.800020563
Project A,Quarter4,Senior,12,0.7,4.08,1620,0,0,9,0.769292929
Project A,Quarter4,Junior,5,0.75,20.4,10320,56,0,58,0.750031447
Project A,Quarter4,Junior,9,0.7,29.12,10440,40,0,58,0.70061442
Project A,Quarter4,Junior,12,0.7,15.26,6120,40,0,34,0.70043672
Project A,Quarter4,Senior,7,0.65,3.94,1440,0,0,8,0.646306818
Project A,Quarter4,Junior,8,0.6,15.09,360,23,0,52,0.600143365
Project A,Quarter4,Junior,11,0.35,28.08,10260,23,0,57,0.350066986
Project C,Quarter4,Junior,2,0.75,22.52,6840,119,0,57,1.000230409
Project C,Quarter4,Junior,3,0.75,22.52,6840,119,0,57,1.000230409
Project C,Quarter4,Senior,10,0.8,3.94,1440,0,0,12,0.979527778
Project C,Quarter4,Senior,4,0.8,4.3,1440,0,0,12,0.940625
Project C,Quarter4,Senior,5,0.5,4.15,1440,0,0,12,0.926388889
Project C,Quarter4,Junior,10,0.8,22.52,6720,70,0,56,0.900129762
Project C,Quarter4,Senior,3,0.75,3.94,1440,0,0,12,0.861875
Project C,Quarter4,Junior,4,0.8,22.52,6780,60,0,56.5,0.850312684
Project C,Quarter4,Senior,8,0.65,3.94,960,0,0,8,0.845458333
Project C,Quarter4,Senior,12,0.7,4.15,1080,0,0,9,0.823555556
Project C,Quarter4,Senior,7,0.5,4.15,960,0,0,8,0.803541667
Project C,Quarter4,Junior,1,0.75,22.94,6960,55,0,58,0.800263218
Project C,Quarter4,Senior,2,0.75,3.94,1200,0,0,10,0.788
Project C,Quarter4,Senior,1,0.75,3.94,1200,0,0,10,0.77815
Project C,Quarter4,Junior,9,0.7,29.12,6960,50,0,58,0.700386207
Project C,Quarter4,Junior,12,0.7,15.26,4080,40,0,34,0.700164706
Project C,Quarter4,Junior,8,0.65,15.09,240,23,0,52,0.650307143
Project C,Quarter4,Junior,6,0.8,30.4,3840,34,0,32,0.622828125
Project C,Quarter4,Senior,6,0.8,2.9,960,0,0,8,0.6225
Project C,Quarter4,Junior,5,0.5,20.79,6960,30,0,58,0.500035345
Project C,Quarter4,Junior,11,0.5,48.18,6480,23,0,54,0.37046657
Project D,Quarter4,Junior,2,0.8,22.52,6840,90,0,57,1.000230409
Project D,Quarter4,Junior,3,0.8,22.52,6840,113,0,57,1.000230409
Project D,Quarter4,Senior,6,0.35,2.9,1800,0,0,15,0.977555556
Project D,Quarter4,Senior,1,0.75,3.94,1200,0,0,10,0.9456
Project D,Quarter4,Senior,2,0.8,3.94,1800,0,0,15,0.902222222
Project D,Quarter4,Junior,10,0.8,22.52,6720,60,0,56,0.850532143
Project D,Quarter4,Junior,1,0.75,22.94,6960,81,0,58,0.850362069
Project D,Quarter4,Senior,10,0.8,3.94,1200,0,0,10,0.840533333
Project D,Quarter4,Junior,5,0.6,20.79,6960,88,0,58,0.800534483
Project D,Quarter4,Junior,4,0.8,22.52,6780,50,0,56.5,0.800489676
Project D,Quarter4,Senior,12,0.75,4.08,1080,0,0,9,0.755555556
Project D,Quarter4,Junior,9,0.7,29.12,6960,63,0,58,0.750593103
Project D,Quarter4,Junior,12,0.75,15.26,3600,45,0,35,0.750283333
Project D,Quarter4,Senior,4,0.8,4.3,1440,0,0,12,0.722638889
Project D,Quarter4,Senior,8,0.65,4.15,960,0,0,8,0.553333333
Project D,Quarter4,Junior,11,0.5,20.1,5880,46,0,54,0.500567308
Project D,Quarter4,Junior,8,0.7,38.09,6240,0,0,52,0.467693269
Project D,Quarter4,Junior,6,0.35,18.79,1800,23,0,32,0.437995338
Project D,Quarter4,Senior,7,0.6,3.94,960,0,0,8,0.406354167
Project D,Quarter4,Junior,7,0.6,23.54,6600,0,0,55,0.285333333
Project D,Quarter4,Senior,11,0.5,2.9,960,0,0,8,0.259375
Project B,Quarter5,Junior,2,0.8,22.52,6840,113,0,57,1.000230409
Project B,Quarter5,Senior,4,0.8,4.3,1200,0,0,10,0.989
Project B,Quarter5,Junior,3,0.8,22.52,6840,100,0,57,0.950185965
Project B,Quarter5,Junior,4,0.8,22.52,6900,88,0,57.5,0.9008
Project B,Quarter5,Junior,10,0.8,22.52,6720,88,0,56,0.900129762
Project B,Quarter5,Senior,6,0.5,2.9,1200,0,0,10,0.899
Project B,Quarter5,Senior,8,0.65,4.15,960,0,0,8,0.877552083
Project B,Quarter5,Senior,11,0.6,2.9,960,0,0,8,0.864583333
Project B,Quarter5,Senior,10,0.8,3.94,1200,0,0,10,0.85695
Project B,Quarter5,Senior,1,0.75,3.94,1200,0,0,10,0.853666667
Project B,Quarter5,Junior,1,0.75,22.94,6960,81,0,58,0.850362069
Project B,Quarter5,Junior,9,0.7,29.12,6960,53,0,58,0.850170115
Project B,Quarter5,Junior,5,0.65,20.79,7080,81,0,59,0.800473729
Project B,Quarter5,Senior,2,0.8,3.94,1200,0,0,10,0.773333333
Project B,Quarter5,Junior,12,0.75,15.26,4200,45,0,35,0.750646667
Project B,Quarter5,Senior,12,0.75,4.08,1080,0,0,9,0.634666667
Project B,Quarter5,Junior,11,0.6,20.1,4320,46,0,51,0.60059761
Project B,Quarter5,Junior,6,0.5,18.79,3960,23,0,33,0.500117677
Project B,Quarter5,Senior,3,0.8,3.94,960,0,0,8,0.4925
Project B,Quarter5,Junior,7,0.65,23.54,6600,0,0,55,0.48792
Project E,Quarter5,Junior,3,0.8,22.52,6960,113,0,58,1.000457471
Project E,Quarter5,Junior,2,0.8,22.52,6840,113,0,57,1.000230409
Project E,Quarter5,Senior,2,0.8,3.94,1200,0,0,10,0.971866667
Project E,Quarter5,Senior,3,0.8,3.94,960,0,0,8,0.971866667
Project E,Quarter5,Senior,4,0.8,3.94,1200,0,0,10,0.971866667
Project E,Quarter5,Senior,10,0.8,3.94,1200,0,0,10,0.971866667
Project E,Quarter5,Senior,1,0.75,3.94,1800,0,0,15,0.971866667
Project E,Quarter5,Senior,9,0.75,3.94,240,0,0,2,0.971866667
Project E,Quarter5,Senior,12,0.75,4.08,1080,0,0,9,0.971866667
Project E,Quarter5,Senior,5,0.7,3.94,240,0,0,2,0.971866667
Project E,Quarter5,Senior,7,0.7,3.94,1200,0,0,10,0.971866667
Project E,Quarter5,Senior,8,0.65,3.94,960,0,0,8,0.971866667
Project E,Quarter5,Senior,11,0.65,3.94,600,0,0,5,0.971866667
Project E,Quarter5,Senior,6,0.6,3.94,1200,0,0,10,0.971866667
Project E,Quarter5,Junior,10,0.8,22.52,6720,93,0,56,0.920236905
Project E,Quarter5,Junior,4,0.8,22.52,6660,88,0,57.5,0.900537069
Project E,Quarter5,Junior,9,0.75,29.12,6840,81,0,57,0.850610526
Project E,Quarter5,Junior,1,0.75,22.94,6960,81,0,58,0.850362069
Project E,Quarter5,Junior,12,0.75,15.26,4200,45,0,35,0.750646667
Project E,Quarter5,Junior,5,0.7,50.89,5880,56,0,59,0.656763743
Project E,Quarter5,Junior,11,0.65,20.1,6480,49,0,54,0.650148148
Project E,Quarter5,Junior,6,0.6,18.79,3960,23,0,33,0.600710606
Project E,Quarter5,Junior,7,0.7,23.54,6720,0,0,56,0.388830357
Project E,Quarter5,Junior,8,0.5,23.54,6480,0,0,54,0.286984568
Project F,Quarter1,Senior,8,0.65,4.15,960,0,0,8,1.0115625
Project F,Quarter1,Junior,2,0.8,22.52,6900,113,0,57.5,1.000671304
Project F,Quarter1,Junior,1,0.8,22.94,3060,113,0,58.5,1.000402055
Project F,Quarter1,Senior,1,0.75,3.94,2280,0,0,19,0.950438596
Project F,Quarter1,Junior,3,0.8,22.52,6840,100,0,57,0.950185965
Project F,Quarter1,Senior,2,0.8,3.94,1200,0,0,10,0.912766667
Project F,Quarter1,Senior,7,0.7,3.94,2160,0,0,18,0.892194444
Project F,Quarter1,Senior,10,0.8,3.94,1200,0,0,10,0.8865
Project F,Quarter1,Junior,10,0.8,22.52,6720,75,0,56,0.850532143
Project F,Quarter1,Junior,4,0.8,22.52,7020,60,0,58.5,0.85011396
Project F,Quarter1,Senior,4,0.8,4.3,1440,0,0,12,0.845069444
Project F,Quarter1,Junior,9,0.75,29.12,6960,45,0,58,0.750593103
Project F,Quarter1,Junior,12,0.75,15.26,1440,45,0,35,0.750450658
Project F,Quarter1,Senior,12,0.75,4.08,1080,0,0,9,0.702666667
Project F,Quarter1,Junior,11,0.7,20.1,6120,75,0,54,0.700508929
Project F,Quarter1,Junior,6,0.65,18.79,3960,26,0,33,0.651007071
Project F,Quarter1,Junior,8,0.6,24.26,6600,0,0,55,0.466821212
Project F,Quarter1,Junior,7,0.7,24.26,6720,0,0,56,0.411553571
Project F,Quarter1,Senior,6,0.6,2.9,1200,0,0,10,0.314166667
Project A,Quarter1,Junior,1,0.8,22.94,7020,113,0,58.5,1.000602279
Project A,Quarter1,Senior,9,0.75,3.94,960,0,0,8,0.994270833
Project A,Quarter1,Junior,2,0.8,22.52,7020,88,0,58.5,0.900158405
Project A,Quarter1,Junior,3,0.8,22.52,6840,70,0,57,0.90014152
Project A,Quarter1,Junior,10,0.8,22.52,6720,88,0,56,0.900129762
Project A,Quarter1,Senior,10,0.8,3.94,1200,0,0,10,0.85695
Project A,Quarter1,Senior,4,0.8,4.3,1440,0,0,12,0.809236111
Project A,Quarter1,Junior,12,0.8,15.26,3600,63,0,35,0.800401961
Project A,Quarter1,Junior,4,0.8,22.52,5940,50,0,56.5,0.800393224
Project A,Quarter1,Junior,9,0.75,29.12,6960,55,0,58,0.799963218
Project A,Quarter1,Senior,12,0.75,4.08,1080,0,0,9,0.740444444
Project A,Quarter1,Junior,11,0.7,20.55,6480,60,0,54,0.700398148
Project A,Quarter1,Junior,6,0.7,18.79,3960,30,0,33,0.700354545
Project A,Quarter1,Senior,8,0.65,4.15,960,0,0,8,0.561979167
Project A,Quarter1,Senior,1,0.75,3.94,2280,0,0,19,0.504596491
Project A,Quarter1,Junior,5,0.5,30.1,6960,0,0,58,0.500801724
Project A,Quarter1,Junior,7,0.7,24.26,6720,0,0,56,0.295307738
Project A,Quarter1,Senior,6,0.6,2.9,1200,0,0,10,0.280333333
Project A,Quarter1,Junior,8,0.65,24.26,6600,0,0,55,0.260978788
Project C,Quarter1,Senior,2,0.8,3.94,2400,0,0,20,1.001416667
Project C,Quarter1,Junior,1,0.8,22.52,6900,113,0,57.5,1.000018551
Project C,Quarter1,Junior,10,0.8,22.52,6720,90,0,56,0.999995238
Project C,Quarter1,Senior,1,0.8,3.94,1200,0,0,10,0.99485
Project C,Quarter1,Senior,8,0.7,4.15,960,0,0,8,0.976979167
Project C,Quarter1,Junior,3,0.8,22.52,6840,100,0,57,0.950185965
Project C,Quarter1,Junior,2,0.8,22.52,6960,100,0,58,0.949981609
Project C,Quarter1,Senior,9,0.75,3.94,1320,0,0,11,0.919954545
Project C,Quarter1,Junior,4,0.8,22.52,5460,63,0,56.5,0.800434622
Project C,Quarter1,Junior,12,0.8,15.26,2040,50,0,35,0.800259023
Project C,Quarter1,Senior,12,0.8,4.08,1080,0,0,9,0.778222222
Project C,Quarter1,Junior,9,0.75,29.12,6960,34,0,58,0.750593103
Project C,Quarter1,Junior,11,0.7,25.31,5760,60,0,54,0.700513566
Project C,Quarter1,Junior,6,0.7,18.79,4020,30,0,33.5,0.700184577
Project C,Quarter1,Junior,8,0.7,24.26,6660,0,0,55.5,0.586465465
Project C,Quarter1,Junior,7,0.7,24.26,6720,0,0,56,0.541517857
Project C,Quarter1,Senior,4,0.8,4.3,1440,0,0,12,0.5375
Project C,Quarter1,Senior,6,0.7,2.9,960,0,0,8,0.495416667
Project C,Quarter1,Junior,5,0.6,30.1,6960,0,0,58,0.415172414
Project D,Quarter1,Junior,2,0.8,22.52,6900,100,0,57.5,1.05028058
Project D,Quarter1,Junior,3,0.8,22.52,6840,113,0,57,1.000230409
Project D,Quarter1,Junior,10,0.8,22.52,6720,113,0,56,0.999995238
Project D,Quarter1,Senior,2,0.8,3.94,2160,0,0,18,0.966759259
Project D,Quarter1,Senior,1,0.8,3.94,1200,0,0,10,0.929183333
Project D,Quarter1,Senior,8,0.7,4.15,3000,0,0,25,0.915766667
Project D,Quarter1,Junior,1,0.8,22.52,6900,88,0,57.5,0.900147246
Project D,Quarter1,Junior,12,0.8,15.26,4080,38,0,34,0.800401961
Project D,Quarter1,Junior,9,0.8,22.52,6960,50,0,58,0.799963218
Project D,Quarter1,Senior,7,0.7,3.94,960,0,0,8,0.779791667
Project D,Quarter1,Senior,9,0.75,3.94,960,0,0,8,0.755166667
Project D,Quarter1,Junior,6,0.7,18.79,3360,30,0,33,0.700710417
Project D,Quarter1,Junior,7,0.7,24.26,6960,0,0,58,0.700612069
Project D,Quarter1,Junior,11,0.7,10.05,6120,60,0,53,0.700278846
Project D,Quarter1,Junior,8,0.7,29.12,6840,0,0,57,0.700135088
Project D,Quarter1,Senior,12,0.8,4.08,1080,0,0,9,0.687555556
Project D,Quarter1,Junior,5,0.65,30.1,5820,0,90,58.5,0.650834808
Project D,Quarter1,Senior,6,0.7,2.9,960,0,0,8,0.531666667
Project D,Quarter1,Junior,4,0.35,30.1,6060,23,150,55.5,0.350706422
Project B,Quarter1,Junior,2,0.8,22.52,6780,113,0,56.5,1.000446018
Project B,Quarter1,Junior,1,0.8,22.52,6900,113,0,57.5,1.000018551
Project B,Quarter1,Junior,10,0.8,22.52,6720,113,0,56,0.999995238
Project B,Quarter1,Senior,2,0.8,3.94,2640,0,0,22,0.999924242
Project B,Quarter1,Junior,3,0.8,22.52,6840,100,0,57,0.950185965
Project B,Quarter1,Senior,6,0.7,2.9,960,0,0,8,0.9425
Project B,Quarter1,Senior,12,0.8,4.08,1080,0,0,9,0.906666667
Project B,Quarter1,Senior,7,0.7,3.94,1200,0,0,10,0.8471
Project B,Quarter1,Senior,1,0.8,3.94,1440,0,0,12,0.845458333
Project B,Quarter1,Junior,12,0.8,15.26,720,38,0,34,0.800612676
Project B,Quarter1,Junior,9,0.8,29.12,6960,50,0,58,0.799963218
Project B,Quarter1,Senior,10,0.8,3.94,960,0,0,8,0.771583333
Project B,Quarter1,Junior,11,0.75,10.05,2520,34,0,26,0.7504
Project B,Quarter1,Junior,6,0.7,18.79,2760,30,0,33,0.700079032
Project B,Quarter1,Junior,5,0.7,30.1,6960,0,0,58,0.562212644
Project B,Quarter1,Junior,7,0.07,24.26,6960,0,0,58,0.522844828
Project B,Quarter1,Junior,4,0.5,30.1,6360,23,0,53,0.500720126
Project B,Quarter1,Junior,8,0.7,24.26,6840,0,0,57,0.496549708
Project E,Quarter1,Senior,2,0.8,3.94,3000,0,0,25,1.050666667
Project E,Quarter1,Junior,2,0.8,22.52,6900,113,0,58,1.000018551
Project E,Quarter1,Junior,3,0.8,22.52,6840,100,0,57,0.950185965
Project E,Quarter1,Junior,1,0.8,22.52,6780,88,0,57,0.900135693
Project E,Quarter1,Junior,10,0.8,22.52,6720,88,0,56,0.900129762
Project E,Quarter1,Senior,12,0.8,4.08,1080,0,0,9,0.899111111
Project E,Quarter1,Senior,1,0.8,3.94,1200,0,0,10,0.870083333
Project E,Quarter1,Senior,6,0.75,2.9,960,0,0,8,0.845833333
Project E,Quarter1,Junior,12,0.8,15.26,4080,63,0,34,0.800401961
Project E,Quarter1,Junior,9,0.8,29.12,6960,50,0,58,0.799963218
Project E,Quarter1,Senior,9,0.8,3.94,960,0,0,8,0.771583333
Project E,Quarter1,Junior,6,0.75,18.79,1560,34,0,33,0.750520115
Project E,Quarter1,Junior,11,0.75,10.05,3240,45,0,27,0.750027778
Project E,Quarter1,Senior,7,0.7,3.94,1200,0,0,10,0.715766667
Project E,Quarter1,Junior,7,0.7,24.26,6960,0,270,58,0.662270115
Project E,Quarter1,Junior,4,0.6,30.1,6780,30,0,57,0.600224189
Project E,Quarter1,Junior,5,0.7,30.1,7500,0,0,59,0.545657673
Project E,Quarter1,Senior,4,0.8,4.3,960,0,0,8,0.447916667
Project E,Quarter1,Junior,8,0.7,24.26,6840,0,300,57,0.365318713
Project F,Quarter2,Junior,2,0.8,22.52,6900,113,0,57.5,1.000018551
Project F,Quarter2,Senior,7,0.7,4.15,1440,0,0,12,0.928680556
Project F,Quarter2,Junior,10,0.8,22.52,6720,88,0,56,0.9008
Project F,Quarter2,Junior,1,0.8,22.52,6780,88,0,56.5,0.900135693
Project F,Quarter2,Junior,3,0.8,22.52,6720,88,0,56,0.900129762
Project F,Quarter2,Senior,1,0.8,3.94,1200,0,0,10,0.893066667
Project F,Quarter2,Senior,12,0.8,4.08,1080,0,0,9,0.891555556
Project F,Quarter2,Senior,2,0.8,3.94,2160,0,0,18,0.875555556
Project F,Quarter2,Senior,8,0.7,4.15,1800,0,0,15,0.840888889
Project F,Quarter2,Junior,12,0.8,15.26,2880,63,0,34,0.800355208
Project F,Quarter2,Junior,9,0.8,29.12,6960,50,0,58,0.799963218
Project F,Quarter2,Junior,6,0.75,18.79,3960,34,0,33,0.75065101
Project F,Quarter2,Junior,11,0.75,10.05,3240,45,0,27,0.750027778
Project F,Quarter2,Junior,5,0.7,30.1,7020,0,0,58.5,0.700618234
Project F,Quarter2,Senior,6,0.75,2.9,960,0,0,8,0.610208333
Project F,Quarter2,Senior,9,0.8,3.94,960,0,0,8,0.607416667
Project F,Quarter2,Junior,4,0.65,30.1,6780,44,0,56.5,0.568259587
Project F,Quarter2,Junior,7,0.7,24.26,6960,0,0,58,0.355534483
Project F,Quarter2,Junior,8,0.7,24.26,6840,0,0,57,0.353259649
Project A,Quarter2,Senior,2,0.8,3.94,2160,0,0,18,1.057962963
Project A,Quarter2,Senior,1,0.8,3.94,1200,0,0,10,0.962016667
Project A,Quarter2,Junior,10,0.8,22.52,120,88,0,56,0.9008
Project A,Quarter2,Junior,1,0.8,22.52,3600,70,0,57,0.900509044
Project A,Quarter2,Junior,2,0.8,22.52,360,70,0,57,0.900477825
Project A,Quarter2,Senior,6,0.75,2.9,960,0,0,8,0.888125
Project A,Quarter2,Junior,12,0.8,15.26,4080,63,0,34,0.800401961
Project A,Quarter2,Junior,3,0.8,22.52,5400,50,0,57,0.800161172
Project A,Quarter2,Junior,9,0.8,29.12,6960,50,0,58,0.799963218
Project A,Quarter2,Junior,4,0.7,30.1,3300,50,0,57,0.790003236
Project A,Quarter2,Junior,11,0.75,10.05,0,45,0,54,0.750648148
Project A,Quarter2,Senior,8,0.35,4.15,1800,0,0,15,0.707111111
Project A,Quarter2,Junior,5,0.7,30.1,7020,40,0,58,0.700618234
Project A,Quarter2,Senior,9,0.8,3.94,960,0,0,8,0.697708333
Project A,Quarter2,Junior,6,0.75,18.79,4080,0,0,34,0.612517157
Project A,Quarter2,Junior,7,0.35,30.1,6960,0,0,58,0.350301724
Project A,Quarter2,Junior,8,0.35,30.1,6960,0,0,58,0.350301724
Project A,Quarter2,Senior,12,0.8,4.08,1080,0,0,9,0.272
Project C,Quarter2,Senior,12,0.8,4.08,1080,0,0,9,1.004888889
Project C,Quarter2,Senior,2,0.8,3.94,2160,0,0,18,0.966759259
Project C,Quarter2,Junior,10,0.8,22.52,0,88,0,56,0.90063244
Project C,Quarter2,Junior,1,0.8,22.52,0,88,0,57,0.90047076
Project C,Quarter2,Junior,3,0.8,22.52,0,88,0,57,0.90047076
Project C,Quarter2,Junior,2,0.8,22.52,0,88,0,57,0.899984058
Project C,Quarter2,Senior,1,0.8,3.94,1440,0,0,12,0.853666667
Project C,Quarter2,Junior,9,0.8,29.12,2160,38,0,58,0.8008
Project C,Quarter2,Junior,12,0.8,15.26,4080,50,0,34,0.800401961
Project C,Quarter2,Senior,4,0.7,4.15,1800,0,0,15,0.796755556
Project C,Quarter2,Junior,6,0.75,18.79,2400,0,0,34,0.750797009
Project C,Quarter2,Junior,11,0.8,10.05,3240,34,0,54,0.750648148
Project C,Quarter2,Junior,5,0.75,30.1,7020,45,0,58,0.750356125
Project C,Quarter2,Senior,8,0.35,4.15,960,0,0,8,0.703770833
Project C,Quarter2,Junior,4,0.7,30.1,7020,40,0,58,0.700618234
Project C,Quarter2,Senior,9,0.8,3.94,960,0,0,8,0.6895
Project C,Quarter2,Senior,6,0.75,2.9,960,0,0,8,0.628333333
Project C,Quarter2,Junior,7,0.5,30.1,6960,23,0,58,0.500801724
Project C,Quarter2,Junior,8,0.5,30.1,6960,30,0,58,0.393548851
Project D,Quarter2,Senior,4,0.7,4.15,1800,0,0,15,1.033155556
Project D,Quarter2,Senior,12,0.8,4.08,1080,0,0,9,1.02
Project D,Quarter2,Junior,2,0.8,22.52,0,90,0,57.5,1.000344928
Project D,Quarter2,Junior,1,0.8,22.52,0,113,0,57,1.000065789
Project D,Quarter2,Senior,8,0.35,4.15,1440,0,0,12,0.994375
Project D,Quarter2,Senior,2,0.8,3.94,2160,0,0,18,0.912037037
Project D,Quarter2,Senior,5,0.7,4.15,240,0,0,2,0.87
Project D,Quarter2,Junior,10,0.8,22.52,0,75,0,56,0.850364583
Project D,Quarter2,Junior,6,0.8,18.79,3480,38,0,34,0.800947475
Project D,Quarter2,Junior,12,0.8,15.26,4080,50,0,34,0.800401961
Project D,Quarter2,Junior,9,0.8,29.12,3240,50,0,58,0.800144144
Project D,Quarter2,Junior,5,0.75,30.1,7380,56,0,59.5,0.750406233
Project D,Quarter2,Junior,8,0.6,30.1,4560,30,0,58,0.714410494
Project D,Quarter2,Junior,4,0.7,30.1,5940,40,0,59.5,0.700588406
Project D,Quarter2,Senior,1,0.8,3.94,1440,0,0,12,0.618361111
Project D,Quarter2,Junior,7,0.6,30.1,3360,23,0,58,0.600070513
Project D,Quarter2,Senior,9,0.8,3.94,960,0,0,8,0.54175
Project D,Quarter2,Junior,3,0.8,22.52,6840,0,0,57,0.536901754
Project D,Quarter2,Junior,11,0.35,11.41,3240,0,0,52,0.507903226
Project B,Quarter2,Junior,1,0.8,22.52,0,138,0,57,1.100483918
Project B,Quarter2,Senior,4,0.7,4.15,1800,0,0,15,1.096633333
Project B,Quarter2,Junior,2,0.8,22.52,0,113,0,57.5,1.000344928
Project B,Quarter2,Senior,12,0.8,4.08,1080,0,0,9,0.838666667
Project B,Quarter2,Junior,12,0.8,15.26,4080,50,0,34,0.800401961
Project B,Quarter2,Senior,8,0.35,4.15,1440,0,0,12,0.755486111
Project B,Quarter2,Junior,5,0.75,30.1,7080,56,0,59,0.750799435
Project B,Quarter2,Junior,6,0.8,18.79,3960,0,0,33,0.688017677
Project B,Quarter2,Senior,1,0.8,3.94,1440,0,0,12,0.664875
Project B,Quarter2,Senior,9,0.8,3.94,960,0,0,8,0.656666667
Project B,Quarter2,Junior,4,0.7,30.1,7080,0,0,59,0.637711864
Project B,Quarter2,Senior,2,0.8,3.94,2160,0,0,18,0.601944444
Project B,Quarter2,Senior,5,0.7,4.15,240,0,0,2,0.58
Project B,Quarter2,Junior,7,0.65,30.1,7080,0,0,59,0.535677966
Project B,Quarter2,Junior,11,0.5,11.41,2280,0,0,55,0.50012336
Project B,Quarter2,Junior,9,0.8,29.12,6960,0,0,58,0.497885057
Project B,Quarter2,Junior,8,0.65,30.1,7080,0,0,59,0.463403955
Project B,Quarter2,Junior,10,0.8,22.52,6000,0,0,50,0.441392
Project B,Quarter2,Junior,3,0.35,30.1,6960,0,0,58,0.350301724
Project E,Quarter2,Junior,1,0.8,22.52,6840,113,0,57,1.000230409
Project E,Quarter2,Senior,7,0.7,4.15,1800,0,0,15,0.929277778
Project E,Quarter2,Senior,4,0.75,4.15,2400,0,0,20,0.902916667
Project E,Quarter2,Senior,12,0.8,4.08,1080,0,0,9,0.800888889
Project E,Quarter2,Junior,12,0.8,15.26,4080,63,0,34,0.800401961
Project E,Quarter2,Junior,2,0.8,22.52,3660,63,0,57,0.80037492
Project E,Quarter2,Senior,1,0.8,3.94,1440,0,0,12,0.796208333
Project E,Quarter2,Junior,4,0.75,30.1,7140,0,0,59,0.750392157
Project E,Quarter2,Junior,5,0.75,30.1,7140,56,0,59,0.750392157
Project E,Quarter2,Senior,8,0.7,4.15,960,0,0,8,0.725625
Project E,Quarter2,Junior,8,0.7,30.1,5160,0,0,60,0.700206125
Project E,Quarter2,Junior,7,0.7,30.1,7200,0,0,60,0.602
Project E,Quarter2,Junior,11,0.6,11.41,2280,23,0,55,0.600447507
Project E,Quarter2,Junior,6,0.8,18.79,4080,0,0,34,0.557252451
Project E,Quarter2,Junior,3,0.5,30.1,6960,30,0,58,0.500801724
Project E,Quarter2,Senior,6,0.8,2.9,960,0,0,8,0.483333333
Project E,Quarter2,Senior,9,0.8,3.94,960,0,0,8,0.238041667
Project F,Quarter3,Senior,1,0.8,3.94,960,0,0,8,1.1204375
Project F,Quarter3,Senior,2,0.8,3.94,960,0,0,8,1.108125
Project F,Quarter3,Junior,1,0.8,22.52,6840,113,0,57,1.000230409
Project F,Quarter3,Senior,12,0.8,4.08,1080,0,0,9,0.876444444
Project F,Quarter3,Junior,12,0.8,15.26,1440,50,0,34,0.800806306
Project F,Quarter3,Senior,5,0.75,4.15,240,0,0,2,0.760833333
Project F,Quarter3,Junior,5,0.8,30.1,7140,0,0,59.5,0.722568627
Project F,Quarter3,Senior,11,0.6,2.9,1200,0,0,10,0.715333333
Project F,Quarter3,Junior,7,0.7,30.1,7080,0,0,59,0.700632768
Project F,Quarter3,Junior,8,0.7,30.1,5880,40,2,59,0.700573099
Project F,Quarter3,Junior,6,0.75,18.79,4080,0,0,34,0.681598039
Project F,Quarter3,Junior,11,0.65,11.41,2640,23,0,53,0.650223718
Project F,Quarter3,Senior,8,0.7,4.15,960,0,0,8,0.605208333
Project F,Quarter3,Senior,6,0.8,2.9,960,0,0,8,0.604166667
Project F,Quarter3,Junior,4,0.75,30.1,7140,0,0,59.5,0.598627451
Project F,Quarter3,Junior,3,0.6,30.1,6960,30,0,58,0.475718391
Project F,Quarter3,Junior,2,0.8,22.52,6900,0,0,57.5,0.432122899
Project F,Quarter3,Senior,4,0.75,4.15,2400,0,0,20,0.287041667
Project F,Quarter3,Junior,9,0.5,18.79,5280,0,0,54,0.283054487
Project A,Quarter3,Junior,1,0.8,22.52,6840,113,0,57,1.000230409
Project A,Quarter3,Senior,9,0.8,3.94,1200,0,0,10,0.960433333
Project A,Quarter3,Senior,12,0.8,4.08,1080,0,0,9,0.891555556
Project A,Quarter3,Senior,3,0.5,4.15,960,0,0,8,0.864583333
Project A,Quarter3,Junior,3,0.65,30.1,600,63,0,58,0.802243319
Project A,Quarter3,Junior,5,0.8,30.1,0,0,0,59,0.800980392
Project A,Quarter3,Junior,12,0.8,15.26,3720,38,0,34,0.800312375
Project A,Quarter3,Senior,6,0.8,2.9,960,0,0,8,0.773333333
Project A,Quarter3,Junior,6,0.75,18.79,3960,0,0,33,0.75065101
Project A,Quarter3,Junior,4,0.75,30.1,7020,0,0,58,0.750356125
Project A,Quarter3,Senior,4,0.75,4.15,1800,0,0,15,0.722333333
Project A,Quarter3,Junior,7,0.7,30.1,600,30,0,59,0.700459889
Project A,Quarter3,Senior,5,0.75,4.15,1200,0,0,10,0.629416667
Project A,Quarter3,Junior,8,0.7,30.1,7080,27,2,59,0.621971751
Project A,Quarter3,Junior,11,0.7,11.41,2160,30,0,54,0.565972222
Project A,Quarter3,Junior,10,0.6,18.22,5280,0,0,44,0.35542803
Project A,Quarter3,Junior,9,0.6,18.79,5400,0,0,54,0.329964879
Project A,Quarter3,Senior,7,0.7,4.15,1800,0,0,15,0.258
Project C,Quarter3,Junior,1,0.8,22.52,6840,113,0,57,1.000230409
Project C,Quarter3,Senior,10,0.8,3.94,960,0,0,8,0.927541667
Project C,Quarter3,Senior,7,0.7,5.13,1200,0,0,10,0.91375
Project C,Quarter3,Senior,12,0.8,5.13,1080,0,0,9,0.9025
Project C,Quarter3,Junior,12,0.8,15.26,4080,38,0,34,0.800401961
Project C,Quarter3,Senior,3,0.5,5.13,1800,0,0,15,0.7866
Project C,Quarter3,Junior,6,0.75,18.79,3360,0,0,33,0.750621354
Project C,Quarter3,Junior,4,0.75,30.1,7020,45,0,58,0.750356125
Project C,Quarter3,Senior,6,0.8,2.9,960,0,0,8,0.749166667
Project C,Quarter3,Junior,7,0.7,30.1,840,30,0,59,0.700888203
Project C,Quarter3,Junior,11,0.7,11.41,3420,30,0,56,0.700614035
Project C,Quarter3,Junior,3,0.7,30.1,6960,50,0,58,0.700603448
Project C,Quarter3,Senior,4,0.75,5.13,960,0,0,8,0.656666667
Project C,Quarter3,Junior,5,0.8,30.1,7140,0,0,59,0.653431373
Project C,Quarter3,Junior,9,0.65,18.79,5520,0,0,51,0.650134
Project C,Quarter3,Junior,8,0.6,29.4,0,23,5,58,0.600982906
Project C,Quarter3,Senior,9,0.8,3.94,960,0,0,8,0.586041667
Project C,Quarter3,Senior,2,0.8,5.13,1800,0,0,15,0.5814
Project C,Quarter3,Junior,2,0.5,30.33,6720,0,0,56,0.361071429
Project C,Quarter3,Junior,10,0.65,18.22,0,0,8,49,0.302117347
Project D,Quarter3,Senior,12,0.8,5.13,1200,0,0,10,0.9918
Project D,Quarter3,Senior,6,0.8,2.9,1440,0,0,12,0.936861111
Project D,Quarter3,Senior,2,0.8,5.13,1440,0,0,12,0.919125
Project D,Quarter3,Junior,11,0.7,11.41,3360,30,0,56,0.8211125
Project D,Quarter3,Junior,4,0.8,30.1,480,50,0,58,0.800980392
Project D,Quarter3,Junior,5,0.8,30.1,0,0,0,59,0.800980392
Project D,Quarter3,Junior,12,0.8,15.26,4080,63,0,34,0.800401961
Project D,Quarter3,Junior,1,0.8,22.52,3960,63,0,57,0.800279693
Project D,Quarter3,Junior,6,0.75,18.79,3960,34,0,33,0.75065101
Project D,Quarter3,Junior,7,0.75,30.1,2280,45,0,59,0.75053268
Project D,Quarter3,Senior,4,0.75,5.13,960,0,0,8,0.734645833
Project D,Quarter3,Junior,3,0.7,30.1,0,40,0,58,0.700603448
Project D,Quarter3,Junior,9,0.7,18.79,4560,30,0,51,0.70009573
Project D,Quarter3,Senior,7,0.7,5.13,960,0,0,8,0.671875
Project D,Quarter3,Senior,10,0.8,3.94,960,0,0,8,0.64025
Project D,Quarter3,Senior,8,0.7,5.13,960,0,0,8,0.58
Project D,Quarter3,Senior,9,0.8,3.94,960,0,0,8,0.549791667
Project D,Quarter3,Junior,2,0.6,30.33,6840,0,0,57,0.328131579
Project D,Quarter3,Junior,10,0.7,19.68,5640,0,8,47,0.303574468
Project D,Quarter3,Senior,3,0.5,5.13,960,0,0,8,0.2565
Project D,Quarter3,Junior,8,0.65,29.4,4560,0,4.5,57,0.251399254
Project B,Quarter3,Senior,3,0.5,5.13,2880,0,0,12,0.81640625
Project B,Quarter3,Junior,12,0.8,15.26,1080,38,0,34,0.800711494
Project B,Quarter3,Junior,1,0.8,22.52,3840,63,0,57,0.800470513
Project B,Quarter3,Junior,4,0.8,30.1,7020,63,0,58.5,0.800094017
Project B,Quarter3,Junior,5,0.8,30.1,600,63,3.5,59.5,0.799982853
Project B,Quarter3,Senior,6,0.8,2.9,4320,0,0,18,0.785864198
Project B,Quarter3,Junior,6,0.75,18.79,3960,56,0,33,0.75065101
Project B,Quarter3,Senior,10,0.8,3.94,2400,0,0,10,0.733277778
Project B,Quarter3,Senior,2,0.8,5.13,3600,0,0,15,0.710125
Project B,Quarter3,Junior,3,0.7,30.1,6960,50,0,58,0.700603448
Project B,Quarter3,Junior,11,0.7,11.41,3480,30,0,58,0.700540441
Project B,Quarter3,Junior,8,0.7,29.4,6240,0,0,57,0.7
Project B,Quarter3,Senior,4,0.75,5.13,1920,0,0,8,0.684027778
Project B,Quarter3,Senior,8,0.7,5.13,1920,0,0,8,0.672135417
Project B,Quarter3,Junior,9,0.7,18.79,6120,30,0,51,0.638614379
Project B,Quarter3,Senior,5,0.75,5.13,1920,0,0,8,0.631354167
Project B,Quarter3,Junior,7,0.75,30.1,0,0,5,59,0.611140537
Project B,Quarter3,Senior,12,0.8,5.13,2160,0,0,9,0.609583333
Project B,Quarter3,Junior,2,0.65,30.33,6840,0,0,57,0.585315789
Project B,Quarter3,Junior,10,0.7,19.68,5760,0,0,48,0.249416667
Project F,Quarter4,Senior,3,0.5,5.13,1800,0,0,15,0.8721
Project F,Quarter4,Senior,6,0.8,2.9,960,0,0,8,0.8319375
Project F,Quarter4,Senior,2,0.8,5.13,4800,0,0,20,0.8300625
Project F,Quarter4,Senior,11,0.6,2.9,2880,0,0,12,0.805555556
Project F,Quarter4,Junior,12,0.8,15.26,4080,63,0,34,0.800401961
Project F,Quarter4,Junior,4,0.8,30.1,5820,63,0,59,0.80000295
Project F,Quarter4,Senior,12,0.8,5.13,2400,0,0,10,0.78375
Project F,Quarter4,Senior,9,0.8,3.94,2400,0,0,10,0.753525
Project F,Quarter4,Junior,6,0.75,18.79,3960,45,0,33,0.75065101
Project F,Quarter4,Senior,1,0.8,3.94,2880,0,0,12,0.727349537
Project F,Quarter4,Junior,8,0.7,29.4,6840,40,0,57,0.700614035
Project F,Quarter4,Junior,2,0.7,30.33,6840,0,0,57,0.700605263
Project F,Quarter4,Junior,11,0.75,11.41,3480,0,0,58,0.672140805
Project F,Quarter4,Junior,9,0.7,18.79,3240,30,0,57,0.627011183
Project F,Quarter4,Junior,3,0.7,30.1,8160,33,0,58,0.626577778
Project F,Quarter4,Junior,10,0.7,21.25,6000,0,0,50,0.456875
Project F,Quarter4,Junior,7,0.75,30.1,6960,0,3.5,58,0.393548851
Project F,Quarter4,Senior,10,0.8,3.94,960,0,0,8,0.385791667
Project F,Quarter4,Junior,5,0.8,30.1,5700,0,4.5,60,0.307501459
Project F,Quarter4,Senior,7,0.7,5.13,960,0,0,8,0.283958333
Project A,Quarter4,Senior,10,0.8,3.94,2400,0,0,20,0.955791667
Project A,Quarter4,Senior,8,0.7,5.13,960,0,0,8,0.930416667
Project A,Quarter4,Senior,12,0.8,5.13,1080,0,0,9,0.9025
Project A,Quarter4,Senior,3,0.8,5.13,2160,0,0,18,0.87115
Project A,Quarter4,Junior,12,0.8,15.26,4080,63,0,34,0.800401961
Project A,Quarter4,Junior,4,0.8,30.1,7140,38,0,59,0.800137255
Project A,Quarter4,Junior,5,0.8,30.1,7140,38,0,59,0.800137255
Project A,Quarter4,Junior,7,0.75,30.1,6960,45,0,58,0.750770115
Project A,Quarter4,Junior,6,0.75,18.79,3960,45,0,33,0.75065101
Project A,Quarter4,Junior,11,0.75,11.41,2820,0,0,58,0.750293939
Project A,Quarter4,Junior,2,0.7,30.33,2160,30,0,58,0.700623
Project A,Quarter4,Junior,8,0.7,29.4,6840,40,0,57,0.700614035
Project A,Quarter4,Junior,3,0.7,29.4,6960,30,0,58,0.700362069
Project A,Quarter4,Junior,9,0.7,18.79,6000,40,0,50,0.60128
Project A,Quarter4,Junior,10,0.7,21.25,6000,0,0,50,0.417916667
Project A,Quarter4,Senior,6,0.8,2.9,960,0,0,8,0.3715625
Project A,Quarter4,Senior,9,0.8,2.9,960,0,0,8,0.3715625
Project A,Quarter4,Senior,2,0.8,5.13,960,0,0,8,0.36871875
Project A,Quarter4,Senior,7,0.7,5.13,960,0,0,8,0.356458333
Project C,Quarter4,Senior,10,0.7,2.9,1800,0,0,15,0.902222222
Project C,Quarter4,Senior,3,0.8,4.6,1440,0,0,12,0.811388889
Project C,Quarter4,Junior,12,0.8,15.26,4080,50,0,34,0.800401961
Project C,Quarter4,Junior,5,0.8,30.1,7140,50,0,60,0.800137255
Project C,Quarter4,Junior,4,0.8,30.1,6480,50,0,59,0.800071839
Project C,Quarter4,Senior,8,0.7,4.6,960,0,0,8,0.791458333
Project C,Quarter4,Junior,7,0.75,30.1,5640,45,0,59,0.750727326
Project C,Quarter4,Junior,6,0.75,18.79,3360,45,0,33,0.75065101
Project C,Quarter4,Junior,11,0.75,11.61,3360,34,0,57,0.750437269
Project C,Quarter4,Junior,3,0.75,29.4,5340,45,0,60,0.750176991
Project C,Quarter4,Senior,6,0.75,2.9,1800,0,0,15,0.726933333
Project C,Quarter4,Senior,9,0.7,2.9,1800,0,0,15,0.726933333
Project C,Quarter4,Junior,2,0.7,30.33,1680,30,0,59,0.700623
Project C,Quarter4,Junior,8,0.7,29.4,4560,40,0,58,0.700518519
Project C,Quarter4,Junior,9,0.7,18.79,3000,30,0,52,0.700256795
Project C,Quarter4,Senior,11,0.7,2.9,960,0,0,8,0.5046875
Project C,Quarter4,Junior,10,0.7,21.25,6360,0,0,53,0.471108491
Project C,Quarter4,Senior,2,0.7,3.9,960,0,0,8,0.325
Project C,Quarter4,Junior,1,0.6,22.53,5040,0,0,42,0.268214286
Project D,Quarter4,Junior,9,0.75,18.79,6240,56,0,52,0.970816667
Project D,Quarter4,Senior,5,0.8,4.6,1080,0,0,9,0.902962963
Project D,Quarter4,Senior,3,0.8,4.6,2400,0,0,20,0.900833333
Project D,Quarter4,Senior,12,0.8,4.6,1800,0,0,15,0.899555556
Project D,Quarter4,Senior,10,0.7,2.9,1200,0,0,10,0.845833333
Project D,Quarter4,Junior,4,0.8,30.1,4080,50,0,59,0.800808642
Project D,Quarter4,Junior,12,0.8,15.26,4080,50,0,34,0.800401961
Project D,Quarter4,Junior,7,0.8,30.1,7080,50,0,59,0.800115819
Project D,Quarter4,Junior,6,0.75,18.79,3960,45,0,33,0.75065101
Project D,Quarter4,Junior,11,0.75,11.61,3360,45,0,57,0.750503571
Project D,Quarter4,Junior,3,0.75,29.4,6960,45,0,58,0.750206897
Project D,Quarter4,Junior,8,0.7,29.4,6960,30,0,58,0.700362069
Project D,Quarter4,Junior,2,0.7,30.33,3960,30,0,58,0.700069811
Project D,Quarter4,Junior,10,0.7,21.82,6240,0,0,52,0.700058333
Project D,Quarter4,Senior,7,0.75,4.6,960,0,0,8,0.676666667
Project D,Quarter4,Senior,8,0.7,4.6,960,0,0,8,0.658541667
Project D,Quarter4,Junior,5,0.8,30.1,1200,49,0,59,0.598792339
Project D,Quarter4,Junior,1,0.65,22.53,5040,0,0,42,0.581130952
Project D,Quarter4,Senior,2,0.7,3.9,960,0,0,8,0.440375
Project D,Quarter4,Senior,6,0.75,2.9,960,0,0,8,0.410833333
Project D,Quarter4,Senior,9,0.7,2.9,960,0,0,8,0.410833333
Project B,Quarter4,Senior,3,0.8,4.6,6300,0,0,15,0.921703704
Project B,Quarter4,Senior,5,0.8,4.6,7560,0,0,18,0.921604938
Project B,Quarter4,Junior,7,0.8,30.1,4080,50,0,59,0.800808642
Project B,Quarter4,Junior,11,0.8,11.61,2820,50,0,57,0.800516667
Project B,Quarter4,Junior,12,0.8,15.26,4080,63,0,34,0.800401961
Project B,Quarter4,Senior,1,0.5,3.94,3360,0,0,8,0.768847222
Project B,Quarter4,Junior,6,0.75,18.79,3960,45,0,33,0.75065101
Project B,Quarter4,Junior,3,0.75,29.4,6840,45,0,57,0.750473684
Project B,Quarter4,Junior,9,0.75,18.79,5640,45,0,52,0.750371895
Project B,Quarter4,Junior,8,0.75,29.4,6960,56,0,58,0.750206897
Project B,Quarter4,Junior,10,0.7,21.82,3240,0,0,52,0.700251773
Project B,Quarter4,Junior,2,0.7,30.33,6960,0,0,58,0.66237931
Project B,Quarter4,Senior,12,0.8,4.6,3780,0,0,9,0.590617284
Project B,Quarter4,Senior,2,0.7,3.9,960,0,0,8,0.5565625
Project B,Quarter4,Junior,4,0.8,30.1,7080,32,0,59,0.495617514
Project B,Quarter4,Junior,5,0.35,27.48,6840,38,0,57,0.449964912
Project B,Quarter4,Senior,10,0.7,2.9,3360,0,0,8,0.410833333
Project B,Quarter4,Senior,9,0.75,2.9,960,0,0,8,0.4078125
Project B,Quarter4,Junior,1,0.35,26.66,6600,23,0,55,0.378895152
Project B,Quarter4,Senior,8,0.75,4.6,3360,0,0,8,0.376597222
Project B,Quarter4,Senior,6,0.75,2.9,3360,0,0,8,0.271875
Project E,Quarter4,Senior,3,0.8,4.6,6300,0,0,15,0.921703704
Project E,Quarter4,Senior,5,0.8,4.6,7560,0,0,18,0.921604938
Project E,Quarter4,Junior,11,0.8,11.61,0,50,0,58,0.800779018
Project E,Quarter4,Junior,12,0.8,15.26,1700,62,0,34,0.800260821
Project E,Quarter4,Junior,7,0.8,30.1,840,38,0,59,0.799982853
Project E,Quarter4,Senior,1,0.5,3.94,3360,0,0,8,0.768847222
Project E,Quarter4,Junior,3,0.75,29.4,4440,45,0,57,0.750716981
Project E,Quarter4,Junior,6,0.75,18.79,3960,45,0,33,0.75065101
Project E,Quarter4,Junior,8,0.75,29.4,4560,56,0,58,0.750425926
Project E,Quarter4,Junior,9,0.75,18.79,6240,45,0,52,0.750395513
Project E,Quarter4,Junior,10,0.7,21.82,6120,40,0,51,0.700236601
Project E,Quarter4,Junior,2,0.7,30.33,4560,0,0,58,0.700211111
Project E,Quarter4,Senior,12,0.8,4.6,3780,0,0,9,0.590617284
Project E,Quarter4,Senior,2,0.7,3.9,960,0,0,8,0.5565625
Project E,Quarter4,Junior,5,0.5,27.48,6840,30,0,57,0.550403509
Project E,Quarter4,Junior,1,0.5,26.66,6840,30,0,57,0.550349708
Project E,Quarter4,Junior,4,0.5,26.66,6960,23,0,58,0.500258046
Project E,Quarter4,Senior,10,0.7,2.9,3360,0,0,8,0.410833333
Project E,Quarter4,Senior,9,0.75,2.9,960,0,0,8,0.4078125
Project E,Quarter4,Senior,8,0.75,4.6,3360,0,0,8,0.376597222
Project E,Quarter4,Senior,6,0.75,2.9,3360,0,0,8,0.271875
Project F,Quarter1,Senior,3,0.8,4.6,10500,0,0,25,0.936355556
Project F,Quarter1,Senior,8,0.75,4.6,3360,0,0,8,0.813611111
Project F,Quarter1,Junior,12,0.8,15.26,4080,63,0,34,0.800401961
Project F,Quarter1,Junior,8,0.75,29.4,6240,56,0,57,0.75075
Project F,Quarter1,Junior,6,0.75,18.79,3960,45,0,33,0.75065101
Project F,Quarter1,Junior,3,0.75,29.4,6840,45,0,57,0.750473684
Project F,Quarter1,Junior,9,0.75,18.79,6240,34,0,52,0.750395513
Project F,Quarter1,Junior,5,0.6,27.48,6720,38,0,56,0.707446429
Project F,Quarter1,Junior,10,0.7,21.82,5640,30,0,52,0.700236601
Project F,Quarter1,Junior,1,0.6,26.66,6840,38,0,57,0.700019883
Project F,Quarter1,Junior,2,0.7,30.33,1800,0,0,58,0.683550607
Project F,Quarter1,Junior,11,0.8,11.61,0,50,4,57,0.682433036
Project F,Quarter1,Senior,4,0.6,3.94,960,0,0,8,0.673083333
Project F,Quarter1,Senior,10,0.7,2.9,3360,0,0,8,0.664583333
Project F,Quarter1,Junior,4,0.6,26.66,6840,23,0,57,0.600239766
Project F,Quarter1,Senior,2,0.7,3.9,960,0,0,8,0.585
Project F,Quarter1,Junior,7,0.8,30.1,6960,0,3.5,58,0.579511494
Project F,Quarter1,Senior,1,0.6,3.94,3360,0,0,8,0.448722222
Project F,Quarter1,Senior,9,0.75,2.9,960,0,0,8,0.447083333
Project F,Quarter1,Senior,7,0.8,4.6,3360,0,0,8,0.350416667
Project A,Quarter1,Senior,2,0.7,3.9,1200,0,0,10,0.92885
Project A,Quarter1,Senior,3,0.8,4.6,10080,0,0,24,0.86037037
Project A,Quarter1,Senior,4,0.65,3.94,960,0,0,8,0.806879167
Project A,Quarter1,Junior,1,0.65,26.66,6840,65,0,57,0.800579532
Project A,Quarter1,Junior,12,0.8,15.26,4080,63,0,34,0.800401961
Project A,Quarter1,Senior,9,0.75,2.9,1200,0,0,10,0.8004
Project A,Quarter1,Junior,11,0.8,11.61,0,50,0,57,0.800309211
Project A,Quarter1,Junior,3,0.8,29.4,4680,50,0,57,0.800149813
Project A,Quarter1,Junior,7,0.8,30.1,7080,0,0,59,0.800115819
Project A,Quarter1,Senior,8,0.75,4.6,3360,0,0,8,0.773333333
Project A,Quarter1,Junior,6,0.75,18.79,2880,34,0,33,0.750797009
Project A,Quarter1,Junior,8,0.75,29.4,6840,45,0,57,0.750473684
Project A,Quarter1,Junior,9,0.75,18.79,6240,45,0,52,0.750395513
Project A,Quarter1,Junior,4,0.65,26.66,6780,55,0,57,0.750254867
Project A,Quarter1,Junior,5,0.65,27.48,6720,34,0,56,0.700903571
Project A,Quarter1,Junior,10,0.7,21.82,3600,30,0,51,0.70013604
Project A,Quarter1,Senior,10,0.7,2.9,3360,0,0,8,0.632361111
Project A,Quarter1,Senior,12,0.8,4.6,3780,0,0,9,0.607654321
Project A,Quarter1,Senior,1,0.65,3.94,3360,0,0,8,0.537919444
Project A,Quarter1,Senior,7,0.8,4.6,3360,0,0,8,0.342361111
Project C,Quarter1,Senior,7,0.8,4.6,4200,0,0,10,0.999533333
Project C,Quarter1,Senior,3,0.8,4.6,6300,0,0,15,0.902962963
Project C,Quarter1,Junior,11,0.8,11.41,0,50,0,56,0.800701754
Project C,Quarter1,Junior,1,0.7,26.66,6960,60,0,58,0.800566092
Project C,Quarter1,Junior,12,0.8,15.26,4080,50,0,34,0.800401961
Project C,Quarter1,Junior,3,0.8,29.4,6840,50,0,57,0.800333333
Project C,Quarter1,Junior,7,0.8,30.1,7080,50,0,59,0.800115819
Project C,Quarter1,Junior,4,0.7,26.66,6960,50,0,58,0.750770115
Project C,Quarter1,Junior,8,0.75,29.4,6840,56,0,57,0.750473684
Project C,Quarter1,Junior,9,0.75,18.79,6240,34,0,52,0.750395513
Project C,Quarter1,Junior,6,0.75,20.2,3120,45,0,33,0.750212553
Project C,Quarter1,Senior,8,0.75,4.6,3360,0,0,8,0.702777778
Project C,Quarter1,Junior,5,0.7,27.48,6840,30,0,57,0.700659649
Project C,Quarter1,Junior,10,0.7,21.82,5040,30,0,51,0.699984417
Project C,Quarter1,Senior,12,0.8,4.6,3780,0,0,9,0.636049383
Project C,Quarter1,Senior,2,0.4,3.9,6300,0,0,15,0.567377778
Project C,Quarter1,Senior,1,0.7,3.94,3360,0,0,8,0.555430556
Project C,Quarter1,Senior,4,0.7,3.94,3360,0,0,8,0.555430556
Project C,Quarter1,Senior,10,0.7,2.9,3360,0,0,8,0.463194444
Project C,Quarter1,Senior,5,0.7,4.6,3360,0,0,8,0.354444444
Project C,Quarter1,Senior,6,0.75,2.9,3360,0,0,8,0.309333333
Project C,Quarter1,Junior,2,0.4,15.28,5400,0,6.5,45,0.30277037
Project D,Quarter1,Senior,3,0.8,4.6,1200,0,0,10,0.939166667
Project D,Quarter1,Senior,8,0.8,4.6,960,0,0,8,0.930416667
Project D,Quarter1,Senior,12,0.8,4.6,1080,0,0,9,0.885925926
Project D,Quarter1,Senior,9,0.75,2.9,960,0,0,8,0.83375
Project D,Quarter1,Senior,1,0.7,3.94,960,0,0,8,0.806879167
Project D,Quarter1,Senior,4,0.7,3.94,960,0,0,8,0.806058333
Project D,Quarter1,Junior,11,0.8,11.41,0,38,0,56,0.800701754
Project D,Quarter1,Junior,12,0.8,15.26,4080,50,0,34,0.800401961
Project D,Quarter1,Junior,3,0.8,29.4,6840,63,0,57,0.800333333
Project D,Quarter1,Junior,7,0.8,30.1,3960,50,0,59,0.800055762
Project D,Quarter1,Junior,4,0.7,26.82,6960,60,0,58,0.799975862
Project D,Quarter1,Junior,1,0.7,26.82,6960,50,0,58,0.750651724
Project D,Quarter1,Junior,9,0.75,18.79,6240,34,0,52,0.750395513
Project D,Quarter1,Junior,5,0.7,27.48,6960,40,0,58,0.700424138
Project D,Quarter1,Junior,10,0.7,21.82,5760,30,0,53,0.700058333
Project D,Quarter1,Senior,7,0.8,4.6,8400,0,0,20,0.684888889
Project D,Quarter1,Senior,5,0.7,4.6,960,0,0,8,0.592083333
Project D,Quarter1,Senior,2,0.5,3.9,960,0,0,8,0.5403125
Project D,Quarter1,Junior,8,0.8,29.4,6840,0,0,57,0.433263158
Project D,Quarter1,Junior,2,0.5,15.28,5520,0,0,46,0.404144928
Project D,Quarter1,Junior,6,0.75,18.79,3960,0,0,33,0.332146465
Project B,Quarter1,Senior,8,0.8,4.6,2640,0,0,22,0.980984848
Project B,Quarter1,Senior,2,0.6,3.9,960,0,0,8,0.950625
Project B,Quarter1,Senior,11,0.8,2.9,1200,0,0,10,0.927291667
Project B,Quarter1,Senior,12,0.8,4.6,1080,0,0,9,0.868888889
Project B,Quarter1,Senior,1,0.7,3.94,960,0,0,8,0.812625
Project B,Quarter1,Senior,4,0.7,3.94,960,0,0,8,0.812625
Project B,Quarter1,Senior,3,0.8,4.6,1800,0,0,15,0.810111111
Project B,Quarter1,Junior,11,0.8,11.41,3420,50,0,56,0.800701754
Project B,Quarter1,Junior,3,0.8,29.4,1800,63,0,57,0.800534979
Project B,Quarter1,Junior,12,0.8,15.26,4080,50,0,34,0.800401961
Project B,Quarter1,Junior,1,0.7,26.82,6960,50,0,58,0.750651724
Project B,Quarter1,Junior,9,0.75,18.79,6240,45,0,52,0.750395513
Project B,Quarter1,Junior,4,0.7,26.82,7080,50,0,59,0.750050847
Project B,Quarter1,Junior,5,0.7,27.48,6960,40,0,58,0.700424138
Project B,Quarter1,Junior,10,0.7,21.82,6000,30,0,50,0.700422
Project B,Quarter1,Junior,2,0.6,15.28,1320,0,0,46,0.600099145
Project B,Quarter1,Senior,9,0.75,2.9,960,0,0,8,0.453125
Project B,Quarter1,Junior,7,0.8,30.1,1200,0,4,59,0.366053523
Project B,Quarter1,Junior,6,0.35,22.53,2640,0,0,39,0.26369382
Project E,Quarter1,Senior,12,0.8,4.6,1080,0,0,9,0.868888889
Project E,Quarter1,Junior,12,0.8,15.26,4080,75,0,34,0.850520588
Project E,Quarter1,Junior,1,0.7,26.82,8160,70,0,58,0.850045
Project E,Quarter1,Senior,7,0.8,4.6,6000,0,0,25,0.825444444
Project E,Quarter1,Senior,5,0.35,3.94,2400,0,0,10,0.80575
Project E,Quarter1,Junior,4,0.7,26.82,6960,60,0,58,0.800746552
Project E,Quarter1,Junior,3,0.8,29.4,6840,63,0,57,0.800578947
Project E,Quarter1,Junior,11,0.8,11.41,3420,50,0,58,0.800034503
Project E,Quarter1,Senior,6,0.5,2.9,960,0,0,8,0.7975
Project E,Quarter1,Junior,9,0.75,18.79,3480,45,0,51,0.749987124
Project E,Quarter1,Junior,10,0.7,21.82,6000,30,0,50,0.700422
Project E,Quarter1,Senior,1,0.7,3.94,960,0,0,8,0.664875
Project E,Quarter1,Senior,4,0.7,3.94,960,0,0,8,0.664875
Project E,Quarter1,Senior,11,0.8,2.9,960,0,0,8,0.657083333
Project E,Quarter1,Junior,2,0.65,16.1,4200,0,0,45,0.65024031
Project E,Quarter1,Senior,8,0.8,4.6,3600,0,0,15,0.590740741
Project E,Quarter1,Senior,2,0.65,3.9,1920,0,0,8,0.528125
Project E,Quarter1,Junior,6,0.5,23.41,2280,0,0,39,0.500528095
Project E,Quarter1,Junior,5,0.7,27.48,6960,24,0,58,0.408960345
Project F,Quarter2,Senior,3,0.8,4.6,1440,0,0,12,0.951944444
Project F,Quarter2,Senior,12,0.8,4.6,1080,0,0,9,0.945555556
Project F,Quarter2,Senior,9,0.75,2.9,1080,0,0,9,0.929074074
Project F,Quarter2,Senior,1,0.75,3.94,960,0,0,8,0.890604167
Project F,Quarter2,Senior,4,0.75,3.94,960,0,0,8,0.890604167
Project F,Quarter2,Senior,2,0.7,3.9,1200,0,0,10,0.884
Project F,Quarter2,Senior,5,0.5,3.94,960,0,0,8,0.857916667
Project F,Quarter2,Junior,4,0.75,26.82,6840,65,0,57,0.850084211
Project F,Quarter2,Junior,1,0.75,26.82,6960,65,0,58,0.85007069
Project F,Quarter2,Junior,3,0.8,30.1,3360,50,0,57,0.800511068
Project F,Quarter2,Junior,12,0.8,15.26,4080,63,0,34,0.800401961
Project F,Quarter2,Junior,11,0.8,11.41,3420,50,0,58,0.800034503
Project F,Quarter2,Senior,11,0.8,2.9,960,0,0,8,0.755208333
Project F,Quarter2,Junior,9,0.75,18.79,5640,45,0,52,0.750371895
Project F,Quarter2,Junior,10,0.7,21.82,6000,30,0,50,0.700422
Project F,Quarter2,Junior,2,0.7,16.1,4800,30,0,45,0.700106061
Project F,Quarter2,Junior,6,0.6,23.41,2520,23,0,38,0.601037091
Project F,Quarter2,Junior,8,0.6,30.48,6720,0,0,56,0.600528571
Project F,Quarter2,Junior,5,0.5,26.82,7080,23,0,59,0.500033898
Project F,Quarter2,Senior,8,0.6,3.9,960,0,0,8,0.4509375
Project F,Quarter2,Senior,10,0.7,2.9,960,0,0,8,0.441041667
Project F,Quarter2,Senior,6,0.6,2.9,960,0,0,8,0.271875
Project A,Quarter2,Senior,11,0.8,2.9,0,960,0,8,0.960625
Project A,Quarter2,Senior,12,0.8,4.6,0,1080,0,9,0.902962963
Project A,Quarter2,Senior,5,0.6,3.94,0,2880,0,12,0.864342593
Project A,Quarter2,Junior,4,0.75,26.82,7020,65,0,58,0.850446154
Project A,Quarter2,Junior,1,0.75,26.82,7140,65,0,59,0.850426891
Project A,Quarter2,Senior,9,0.75,2.9,0,3600,0,15,0.841
Project A,Quarter2,Junior,3,0.8,30.1,5160,50,0,58,0.800842424
Project A,Quarter2,Junior,12,0.8,15.26,4080,63,0,34,0.800401961
Project A,Quarter2,Junior,11,0.8,11.41,3420,50,0,58,0.800034503
Project A,Quarter2,Senior,3,0.8,4.6,0,1440,0,12,0.795416667
Project A,Quarter2,Senior,4,0.75,3.94,0,960,0,8,0.7953875
Project A,Quarter2,Senior,1,0.75,3.94,0,960,0,8,0.794566667
Project A,Quarter2,Junior,9,0.75,18.79,6240,45,0,52,0.750395513
Project A,Quarter2,Junior,2,0.7,16.1,5520,30,0,45,0.700516224
Project A,Quarter2,Junior,10,0.7,21.82,6000,30,0,50,0.700422
Project A,Quarter2,Senior,2,0.7,3.9,0,1200,0,10,0.6825
Project A,Quarter2,Junior,6,0.65,23.41,4560,35,0,38,0.650962281
Project A,Quarter2,Junior,8,0.65,30.48,6720,26,0,56,0.650421429
Project A,Quarter2,Junior,5,0.6,26.82,7080,23,0,59,0.600040678
Project A,Quarter2,Junior,7,0.5,30.48,6600,0,0,55,0.500610909
Project A,Quarter2,Senior,10,0.7,2.9,0,960,0,8,0.477291667
Project A,Quarter2,Senior,8,0.65,3.9,0,960,0,8,0.2640625
Project C,Quarter2,Senior,12,0.8,4.6,1080,0,0,9,0.92
Project C,Quarter2,Senior,5,0.6,3.94,1440,0,0,12,0.909391667
Project C,Quarter2,Junior,1,0.75,26.82,7080,75,0,59,0.900061017
Project C,Quarter2,Senior,3,0.8,4.6,1440,0,0,12,0.894444444
Project C,Quarter2,Senior,4,0.75,3.94,960,0,0,8,0.881575
Project C,Quarter2,Senior,1,0.75,3.94,960,0,0,8,0.880754167
Project C,Quarter2,Junior,4,0.75,26.82,5880,65,0,59,0.850084211
Project C,Quarter2,Senior,9,0.75,2.9,1800,0,0,15,0.821666667
Project C,Quarter2,Junior,12,0.8,15.26,4080,63,0,34,0.800401961
Project C,Quarter2,Junior,3,0.8,30.1,6960,63,0,58,0.800071839
Project C,Quarter2,Junior,11,0.8,11.41,3420,50,0,58,0.800034503
Project C,Quarter2,Senior,11,0.8,2.9,960,0,0,8,0.758229167
Project C,Quarter2,Junior,10,0.75,21.82,6000,34,0,50,0.750608
Project C,Quarter2,Junior,9,0.75,18.79,6240,45,0,52,0.750395513
Project C,Quarter2,Senior,2,0.7,3.9,960,0,0,8,0.741
Project C,Quarter2,Junior,8,0.7,30.48,6840,30,0,57,0.700505263
Project C,Quarter2,Junior,6,0.7,23.41,4560,30,0,38,0.700246491
Project C,Quarter2,Junior,2,0.7,16.1,5400,40,0,45,0.700051852
Project C,Quarter2,Junior,5,0.65,26.82,7080,26,0,59,0.650044068
Project C,Quarter2,Junior,7,0.6,30.48,6840,25,0,57,0.630402924
Project C,Quarter2,Senior,8,0.65,3.9,960,0,0,8,0.560625
Project C,Quarter2,Senior,7,0.5,3.9,960,0,0,8,0.560625
Project C,Quarter2,Senior,10,0.7,2.9,960,0,0,8,0.39875
Project D,Quarter2,Senior,12,0.8,4.6,2160,0,0,9,0.922839506
Project D,Quarter2,Senior,11,0.8,2.9,2400,0,0,10,0.874027778
Project D,Quarter2,Senior,2,0.75,3.9,1920,0,0,8,0.819270833
Project D,Quarter2,Senior,4,0.75,3.94,1920,0,0,8,0.813309028
Project D,Quarter2,Senior,1,0.75,3.94,1920,0,0,8,0.812625
Project D,Quarter2,Junior,12,0.8,15.26,4080,63,0,34,0.800401961
Project D,Quarter2,Junior,3,0.8,30.1,6960,63,0,58,0.800071839
Project D,Quarter2,Junior,11,0.8,11.41,3420,50,0,58,0.800034503
Project D,Quarter2,Senior,3,0.8,4.6,1920,0,0,8,0.786631944
Project D,Quarter2,Senior,5,0.7,3.94,1440,0,0,12,0.75885
Project D,Quarter2,Junior,10,0.75,21.82,6000,34,0,50,0.750608
Project D,Quarter2,Junior,9,0.75,18.79,5040,45,0,52,0.750347333
Project D,Quarter2,Junior,2,0.75,16.1,5400,45,0,45,0.750140741
Project D,Quarter2,Junior,1,0.75,26.82,7080,45,0,59,0.750050847
Project D,Quarter2,Junior,4,0.75,26.82,7080,45,0,59,0.750050847
Project D,Quarter2,Junior,5,0.7,26.82,6960,30,0,58,0.700556897
Project D,Quarter2,Junior,8,0.7,30.48,6840,30,0,57,0.700505263
Project D,Quarter2,Junior,6,0.7,23.41,4560,40,0,38,0.700246491
Project D,Quarter2,Junior,7,0.65,30.48,6840,26,0,57,0.650596491
Project D,Quarter2,Senior,10,0.75,2.9,960,0,0,8,0.628333333
Project D,Quarter2,Senior,8,0.7,3.9,960,0,0,8,0.625625
Project D,Quarter2,Senior,7,0.65,3.9,960,0,0,8,0.625625
Project D,Quarter2,Senior,9,0.75,2.9,1800,0,0,15,0.505888889
Project D,Quarter2,Senior,6,0.7,2.9,720,0,0,6,0.394722222
